population,province_name,city_name
16190,Aladağ,Adana
155965,Ceyhan,Adana
378650,Çukurova,Adana
16116,Feke,Adana
27071,İmamoğlu,Adana
22997,Karaisalı,Adana
24304,Karataş,Adana
132911,Kozan,Adana
20235,Pozantı,Adana
13451,Saimbeyli,Adana
251259,Sarıçam,Adana
786931,Seyhan,Adana
16524,Tufanbeyli,Adana
17970,Yumurtalık,Adana
399910,Yüreğir,Adana
38003,Besni,Adıyaman
1731,Çakırhüyük,Adıyaman
1581,Kesmetepe,Adıyaman
1932,Köseceli,Adıyaman
3474,Şambayat,Adıyaman
2029,Suvarlı,Adıyaman
8581,Çelikhan,Adıyaman
3182,Pınarbaşı,Adıyaman
2826,Gerger,Adıyaman
2038,Balkar,Adıyaman
2041,Belören,Adıyaman
31663,Gölbaşı,Adıyaman
1485,Harmanlı,Adıyaman
1507,Akıncılar,Adıyaman
1985,Bölükyayla,Adıyaman
95518,Kâhta,Adıyaman
233783,Adıyaman,Adıyaman
2944,Kömür,Adıyaman
1667,Yaylakonak,Adıyaman
3777,Samsat,Adıyaman
1907,İnlice,Adıyaman
5396,Sincik,Adıyaman
3448,Tut,Adıyaman
4864,Başmakçı,Afyonkarahisar
4230,Bayat,Afyonkarahisar
33646,Bolvadin,Afyonkarahisar
2822,Dişli,Afyonkarahisar
2054,Özburun,Afyonkarahisar
14231,Çay,Afyonkarahisar
2313,Karamıkkaracaören,Afyonkarahisar
2550,Pazarağaç,Afyonkarahisar
9408,Çobanlar,Afyonkarahisar
2825,Kocaöz,Afyonkarahisar
6118,Dazkırı,Afyonkarahisar
26957,Dinar,Afyonkarahisar
2149,Haydarlı,Afyonkarahisar
2751,Tatarlı,Afyonkarahisar
2209,Davulga,Afyonkarahisar
23451,Emirdağ,Afyonkarahisar
2130,Gömü,Afyonkarahisar
3254,Evciler,Afyonkarahisar
2124,Hocalar,Afyonkarahisar
5926,Döğer,Afyonkarahisar
2602,Gazlıgöl,Afyonkarahisar
3876,İhsaniye,Afyonkarahisar
2216,Kayıhan,Afyonkarahisar
2337,Yaylabağı,Afyonkarahisar
13724,İscehisar,Afyonkarahisar
2071,Seydiler,Afyonkarahisar
1365,Kızılören,Afyonkarahisar
257436,Afyonkarahisar,Afyonkarahisar
3334,Beyyazı,Afyonkarahisar
4503,Çayırbağ,Afyonkarahisar
2521,Çıkrık,Afyonkarahisar
2946,Değirmenayvalı,Afyonkarahisar
9159,Erkmen,Afyonkarahisar
2746,Fethibey,Afyonkarahisar
3489,Gebeceler,Afyonkarahisar
7349,Işıklar,Afyonkarahisar
3202,Kocatepe,Afyonkarahisar
3075,Nuribey,Afyonkarahisar
4603,Salar,Afyonkarahisar
3742,Sülümenli,Afyonkarahisar
3424,Sülün,Afyonkarahisar
4868,Susuz,Afyonkarahisar
2660,Akharım,Afyonkarahisar
34897,Sandıklı,Afyonkarahisar
2830,Ahmetpaşa,Afyonkarahisar
3014,Akören,Afyonkarahisar
2105,Düzağaç,Afyonkarahisar
2187,Güney,Afyonkarahisar
2723,Kılıçarslan,Afyonkarahisar
2051,Kırka,Afyonkarahisar
1864,Küçükhüyük,Afyonkarahisar
1460,Serban,Afyonkarahisar
3613,Sinanpaşa,Afyonkarahisar
3569,Taşoluk,Afyonkarahisar
2791,Tınaztepe,Afyonkarahisar
2183,Karaadilli,Afyonkarahisar
15061,Şuhut,Afyonkarahisar
1957,Dereçine,Afyonkarahisar
5166,Sultandağı,Afyonkarahisar
2105,Yeşilçiftlik,Afyonkarahisar
19041,Diyadin,Ağrı
80450,Doğubayazıt,Ağrı
9915,Eleşkirt,Ağrı
1422,Tahir,Ağrı
1639,Yayladüzü,Ağrı
2091,Yücekapı,Ağrı
2899,Hamur,Ağrı
123772,Ağrı,Ağrı
2965,Dedeli,Ağrı
59010,Patnos,Ağrı
6350,Taşlıçay,Ağrı
7265,Tutak,Ağrı
3012,Ağaçören,Aksaray
18517,Eskil,Aksaray
2686,Eşmekaya,Aksaray
3958,Demirci,Aksaray
4976,Gülağaç,Aksaray
2847,Gülpınar,Aksaray
2281,Saratlı,Aksaray
2763,Güzelyurt,Aksaray
2275,Ihlara,Aksaray
1839,Selime,Aksaray
257802,Aksaray,Aksaray
3016,Bağlıkaya,Aksaray
2672,Helvadere,Aksaray
2511,Sağlık,Aksaray
3052,Taşpınar,Aksaray
2644,Topakkaya,Aksaray
5442,Yenikent,Aksaray
3948,Yeşilova,Aksaray
2249,Yeşiltepe,Aksaray
20460,Ortaköy,Aksaray
3361,Sarıyahşi,Aksaray
12078,Sultanhanı,Aksaray
5378,Göynücek,Amasya
15401,Gümüşhacıköy,Amasya
1576,Hamamözü,Amasya
119466,Amasya,Amasya
4181,Ziyaret,Amasya
64172,Merzifon,Amasya
39617,Suluova,Amasya
11173,Taşova,Amasya
44541,Akyurt,Ankara
414893,Altındağ,Ankara
13670,Ayaş,Ankara
21893,Bala,Ankara
48445,Beypazarı,Ankara
10475,Çamlıdere,Ankara
947330,Çankaya,Ankara
100750,Çubuk,Ankara
45133,Elmadağ,Ankara
629112,Etimesgut,Ankara
3096,Evren,Ankara
165201,Gölbaşı,Ankara
8521,Güdül,Ankara
27241,Haymana,Ankara
62060,Kahramankazan,Ankara
12801,Kalecik,Ankara
932128,Keçiören,Ankara
28823,Kızılcahamam,Ankara
686777,Mamak,Ankara
26488,Nallıhan,Ankara
130515,Polatlı,Ankara
165665,Pursaklar,Ankara
33316,Şereflikoçhisar,Ankara
590309,Sincan,Ankara
714866,Yenimahalle,Ankara
10546,Akseki,Antalya
82560,Aksu,Antalya
361873,Alanya,Antalya
27814,Demre,Antalya
90572,Döşemealtı,Antalya
41853,Elmalı,Antalya
51620,Finike,Antalya
55362,Gazipaşa,Antalya
7353,Gündoğmuş,Antalya
3411,İbradı,Antalya
63921,Kaş,Antalya
50436,Kemer,Antalya
629479,Kepez,Antalya
196079,Konyaaltı,Antalya
58728,Korkuteli,Antalya
75041,Kumluca,Antalya
262576,Manavgat,Antalya
509444,Muratpaşa,Antalya
143435,Serik,Antalya
2565,Çıldır,Ardahan
2666,Damal,Ardahan
5746,Göle,Ardahan
1992,Köprülü,Ardahan
2789,Hanak,Ardahan
24609,Ardahan,Ardahan
2081,Posof,Ardahan
5376,Ardanuç,Artvin
17455,Arhavi,Artvin
10958,Borçka,Artvin
23369,Hopa,Artvin
6302,Kemalpaşa,Artvin
26348,Artvin,Artvin
4935,Murgul,Artvin
6937,Şavşat,Artvin
7145,Yusufeli,Artvin
31945,Bozdoğan,Aydın
13115,Buharkent,Aydın
48209,Çine,Aydın
101474,Didim,Aydın
308551,Efeler,Aydın
44677,Germencik,Aydın
57483,İncirliova,Aydın
17508,Karacasu,Aydın
10510,Karpuzlu,Aydın
22464,Koçarlı,Aydın
28436,Köşk,Aydın
137015,Kuşadası,Aydın
26684,Kuyucak,Aydın
162041,Nazilli,Aydın
123850,Söke,Aydın
20147,Sultanhisar,Aydın
11834,Yenipazar,Aydın
185351,Altıeylül,Balıkesir
75126,Ayvalık,Balıkesir
12695,Balya,Balıkesir
167363,Bandırma,Balıkesir
48445,Bigadiç,Balıkesir
67039,Burhaniye,Balıkesir
32778,Dursunbey,Balıkesir
173689,Edremit,Balıkesir
32021,Erdek,Balıkesir
18269,Gömeç,Balıkesir
75486,Gönen,Balıkesir
28107,Havran,Balıkesir
31386,İvrindi,Balıkesir
190427,Karesi,Balıkesir
21886,Kepsut,Balıkesir
17890,Manyas,Balıkesir
11708,Marmara,Balıkesir
16547,Savaştepe,Balıkesir
32133,Sındırgı,Balıkesir
37750,Susurluk,Balıkesir
6024,Amasra,Bartın
2256,Kurucaşile,Bartın
87803,Bartın,Bartın
2023,Hasankadı,Bartın
7285,Kozcağız,Bartın
2736,Abdipaşa,Bartın
2328,Kumluca,Bartın
5423,Ulus,Bartın
13522,Beşiri,Batman
3383,İkiköprü,Batman
6487,Gercüş,Batman
2283,Kayapınar,Batman
4035,Hasankeyf,Batman
2967,Bekirhan,Batman
28967,Kozluk,Batman
6034,Balpınar,Batman
480354,Batman,Batman
13167,Sason,Batman
2658,Yücebağ,Batman
3224,Aydıntepe,Bayburt
3735,Demirözü,Bayburt
2454,Gökçedere,Bayburt
2435,Arpalı,Bayburt
46774,Bayburt,Bayburt
74307,Bozüyük,Bilecik
2067,Dodurga,Bilecik
6647,Gölpazarı,Bilecik
941,İnhisar,Bilecik
2043,Bayırköy,Bilecik
70920,Bilecik,Bilecik
2970,Vezirhan,Bilecik
16712,Osmaneli,Bilecik
5993,Pazaryeri,Bilecik
14305,Söğüt,Bilecik
1054,Yenipazar,Bilecik
3173,Adaklı,Bingöl
20777,Genç,Bingöl
9520,Karlıova,Bingöl
2658,Kiğı,Bingöl
137199,Bingöl,Bingöl
2935,Ilıcalar,Bingöl
2405,Sancak,Bingöl
2502,Arakonak,Bingöl
20616,Solhan,Bingöl
840,Yayladere,Bingöl
1366,Yedisu,Bingöl
15234,Adilcevaz,Bitlis
1974,Aydınlar,Bitlis
31726,Ahlat,Bitlis
3923,Ovakışla,Bitlis
4989,Gölbaşı,Bitlis
4828,Günkırı,Bitlis
30140,Güroymak,Bitlis
13601,Hizan,Bitlis
56988,Bitlis,Bitlis
2526,Yolalan,Bitlis
3102,Kavakbaşı,Bitlis
3062,Mutki,Bitlis
87527,Tatvan,Bitlis
2593,Dörtdivan,Bolu
26082,Gerede,Bolu
4453,Göynük,Bolu
1022,Kıbrıscık,Bolu
1766,Gökçesu,Bolu
5613,Mengen,Bolu
188986,Bolu,Bolu
2524,Karacasu,Bolu
5202,Mudurnu,Bolu
2374,Taşkesti,Bolu
2304,Seben,Bolu
4290,Yeniçağa,Bolu
3717,Ağlasun,Burdur
2905,Altınyayla,Burdur
48656,Bucak,Burdur
2482,Kızılkaya,Burdur
1932,Kocaaliler,Burdur
5124,Çavdır,Burdur
3217,Söğüt,Burdur
2251,Çeltikçi,Burdur
17161,Gölhisar,Burdur
2365,Yusufça,Burdur
6060,Karamanlı,Burdur
1407,Kemer,Burdur
96038,Burdur,Burdur
5965,Tefenni,Burdur
5217,Yeşilova,Burdur
9596,Büyükorhan,Bursa
123361,Gemlik,Bursa
104867,Gürsu,Bursa
6204,Harmancık,Bursa
302251,İnegöl,Bursa
45208,İznik,Bursa
85968,Karacabey,Bursa
11171,Keles,Bursa
76659,Kestel,Bursa
110797,Mudanya,Bursa
103581,Mustafakemalpaşa,Bursa
561730,Nilüfer,Bursa
19069,Orhaneli,Bursa
82111,Orhangazi,Bursa
885441,Osmangazi,Bursa
55606,Yenişehir,Bursa
654998,Yıldırım,Bursa
10575,Ayvacık,Çanakkale
10769,Küçükkuyu,Çanakkale
15873,Bayramiç,Çanakkale
60500,Biga,Çanakkale
2065,Gümüşçay,Çanakkale
3160,Karabiga,Çanakkale
3363,Bozcaada,Çanakkale
30568,Çan,Çanakkale
1762,Terzialan,Çanakkale
5869,Eceabat,Çanakkale
15566,Ezine,Çanakkale
3998,Geyikli,Çanakkale
2078,Evreşe,Çanakkale
32559,Gelibolu,Çanakkale
1192,Kavakköy,Çanakkale
8026,Gökçeada,Çanakkale
4198,Çardak,Çanakkale
16504,Lapseki,Çanakkale
2350,Umurbey,Çanakkale
145194,Çanakkale,Çanakkale
36787,Kepez,Çanakkale
2425,Kalkım,Çanakkale
1317,Pazarköy,Çanakkale
8070,Yenice,Çanakkale
2096,Atkaracalar,Çankırı
2208,Çardaklı,Çankırı
524,Bayramören,Çankırı
9802,Çerkeş,Çankırı
2544,Saçak,Çankırı
3307,Eldivan,Çankırı
7848,Ilgaz,Çankırı
2202,Kızılırmak,Çankırı
2415,Korgun,Çankırı
6594,Kurşunlu,Çankırı
89142,Çankırı,Çankırı
2225,Dodurga,Çankırı
2289,Kalfat,Çankırı
3527,Orta,Çankırı
2634,Yaylakent,Çankırı
9494,Şabanözü,Çankırı
1676,Yapraklı,Çankırı
19053,Alaca,Çorum
5433,Bayat,Çorum
2113,Boğazkale,Çorum
2507,Dodurga,Çorum
17193,İskilip,Çorum
5460,Kargı,Çorum
1400,Laçin,Çorum
3955,Mecitözü,Çorum
266517,Çorum,Çorum
1610,Düvenci,Çorum
2690,Oğuzlar,Çorum
2045,Aştavul,Çorum
2249,Ortaköy,Çorum
30238,Osmancık,Çorum
33373,Sungurlu,Çorum
3011,Uğurludağ,Çorum
54994,Acıpayam,Denizli
6303,Babadağ,Denizli
5351,Baklan,Denizli
6416,Bekilli,Denizli
6148,Beyağaç,Denizli
11130,Bozkurt,Denizli
26456,Buldan,Denizli
17546,Çal,Denizli
17492,Çameli,Denizli
8558,Çardak,Denizli
59680,Çivril,Denizli
9280,Güney,Denizli
34835,Honaz,Denizli
19154,Kale,Denizli
345933,Merkezefendi,Denizli
345850,Pamukkale,Denizli
31063,Sarayköy,Denizli
14591,Serinhisar,Denizli
40591,Tavas,Denizli
397661,Bağlar,Diyarbakır
120093,Bismil,Diyarbakır
49607,Çermik,Diyarbakır
78788,Çınar,Diyarbakır
10463,Çüngüş,Diyarbakır
36758,Dicle,Diyarbakır
22346,Eğil,Diyarbakır
139223,Ergani,Diyarbakır
32604,Hani,Diyarbakır
16411,Hazro,Diyarbakır
440886,Kayapınar,Diyarbakır
15323,Kocaköy,Diyarbakır
35264,Kulp,Diyarbakır
24959,Lice,Diyarbakır
86905,Silvan,Diyarbakır
97823,Sur,Diyarbakır
228570,Yenişehir,Diyarbakır
28162,Akçakoca,Düzce
10104,Çilimli,Düzce
11173,Cumayeri,Düzce
11717,Gölyaka,Düzce
9664,Gümüşova,Düzce
10344,Kaynaşlı,Düzce
6387,Beyköy,Düzce
3906,Boğaziçi,Düzce
203452,Düzce,Düzce
3041,Yığılca,Düzce
4435,Enez,Edirne
8792,Havsa,Edirne
2124,Esetçe,Edirne
8518,İpsala,Edirne
2979,Yenikarpuzlu,Edirne
3209,Beğendik,Edirne
65839,Keşan,Edirne
1932,Yenimuhacir,Edirne
1679,Lalapaşa,Edirne
2123,Küplü,Edirne
2804,Meriç,Edirne
1871,Subaşı,Edirne
187046,Edirne,Edirne
3008,Süloğlu,Edirne
2481,Kırcasalih,Edirne
40047,Uzunköprü,Edirne
1634,Ağın,Elâzığ
2557,Alacakaya,Elâzığ
3410,Arıcak,Elâzığ
1864,Bükardı,Elâzığ
2483,Erimli,Elâzığ
2370,Üçocak,Elâzığ
5309,Baskil,Elâzığ
15852,Karakoçan,Elâzığ
1996,Sarıcan,Elâzığ
4100,Keban,Elâzığ
25617,Kovancılar,Elâzığ
3416,Maden,Elâzığ
1839,Beyhan,Elâzığ
9800,Palu,Elâzığ
3949,Sivrice,Elâzığ
4243,Çayırlı,Erzincan
5265,İliç,Erzincan
2248,Kemah,Erzincan
2296,Kemaliye,Erzincan
1855,Çağlayan,Erzincan
148951,Erzincan,Erzincan
2087,Mollaköy,Erzincan
1585,Otlukbeli,Erzincan
3936,Refahiye,Erzincan
2084,Çadırkaya,Erzincan
2107,Kargın,Erzincan
2091,Mercan,Erzincan
5247,Tercan,Erzincan
2053,Altınbaşak,Erzincan
8684,Üzümlü,Erzincan
20700,Aşkale,Erzurum
70032,Aziziye,Erzurum
14641,Çat,Erzurum
23707,Hınıs,Erzurum
35642,Horasan,Erzurum
14765,İspir,Erzurum
20733,Karaçoban,Erzurum
23376,Karayazı,Erzurum
13393,Köprüköy,Erzurum
11536,Narman,Erzurum
30374,Oltu,Erzurum
6220,Olur,Erzurum
179286,Palandöken,Erzurum
26041,Pasinler,Erzurum
3786,Pazaryolu,Erzurum
15412,Şenkaya,Erzurum
21682,Tekman,Erzurum
14787,Tortum,Erzurum
7664,Uzundere,Erzurum
191228,Yakutiye,Erzurum
10072,Alpu,Eskişehir
5723,Beylikova,Eskişehir
14814,Çifteler,Eskişehir
5261,Günyüzü,Eskişehir
2164,Han,Eskişehir
6194,İnönü,Eskişehir
7524,Mahmudiye,Eskişehir
2934,Mihalgazi,Eskişehir
7959,Mihalıççık,Eskişehir
426581,Odunpazarı,Eskişehir
4534,Sarıcakaya,Eskişehir
12878,Seyitgazi,Eskişehir
20258,Sivrihisar,Eskişehir
394734,Tepebaşı,Eskişehir
32832,Araban,Gaziantep
65208,İslahiye,Gaziantep
9512,Karkamış,Gaziantep
151246,Nizip,Gaziantep
38701,Nurdağı,Gaziantep
37027,Oğuzeli,Gaziantep
946812,Şahinbey,Gaziantep
888696,Şehitkamil,Gaziantep
23329,Yavuzeli,Gaziantep
4249,Alucra,Giresun
2267,Aydındere,Giresun
50112,Bulancak,Giresun
2703,Kovanlık,Giresun
2893,Çamoluk,Giresun
1749,Çanakçı,Giresun
7122,Dereli,Giresun
2781,Yavuzkemal,Giresun
4487,Doğankent,Giresun
26371,Espiye,Giresun
2915,Soğukpınar,Giresun
7268,Eynesil,Giresun
2281,Ören,Giresun
2414,Çavuşlu,Giresun
17781,Görele,Giresun
4957,Güce,Giresun
9617,Keşap,Giresun
2940,Duroğlu,Giresun
124058,Giresun,Giresun
8204,Piraziz,Giresun
10593,Şebinkarahisar,Giresun
19819,Tirebolu,Giresun
2242,Üçtepe,Giresun
6445,Yağlıdere,Giresun
2429,Deredolu,Gümüşhane
2286,Gümüşgöze,Gümüşhane
20172,Kelkit,Gümüşhane
2519,Öbektaş,Gümüşhane
2376,Söğütlü,Gümüşhane
2501,Ünlüpınar,Gümüşhane
3905,Köse,Gümüşhane
5433,Kürtün,Gümüşhane
2298,Özkürtün,Gümüşhane
6082,Arzularkabaköy,Gümüşhane
37604,Gümüşhane,Gümüşhane
2712,Tekke,Gümüşhane
11732,Şiran,Gümüşhane
2221,Yeşilbük,Gümüşhane
5271,Torul,Gümüşhane
8663,Çukurca,Hakkâri
12787,Derecik,Hakkâri
2927,Durankaya,Hakkâri
59729,Hakkari,Hakkâri
17533,Şemdinli,Hakkâri
3475,Büyükçiftlik,Hakkâri
3653,Esendere,Hakkâri
87057,Yüksekova,Hakkâri
68500,Altınözü,Hatay
299586,Antakya,Hatay
109550,Arsuz,Hatay
35755,Belen,Hatay
140950,Defne,Hatay
131528,Dörtyol,Hatay
42420,Erzin,Hatay
56541,Hassa,Hatay
231926,İskenderun,Hatay
107103,Kırıkhan,Hatay
15155,Kumlu,Hatay
44073,Payas,Hatay
115566,Reyhanlı,Hatay
121660,Samandağ,Hatay
41872,Yayladağı,Hatay
5595,Aralık,Iğdır
2432,Karakoyunlu,Iğdır
8239,Halfeli,Iğdır
2776,Hoşhaber,Iğdır
104222,Iğdır,Iğdır
3420,Melekli,Iğdır
9733,Tuzluca,Iğdır
2019,Aksu,Isparta
4741,Atabey,Isparta
16364,Eğirdir,Isparta
2242,Sarıidris,Isparta
5233,Gelendost,Isparta
3244,Gönen,Isparta
1829,Güneykent,Isparta
7109,Keçiborlu,Isparta
2299,Senir,Isparta
250544,Isparta,Isparta
2670,Kuleönü,Isparta
3830,Sav,Isparta
2633,Çarıksaraylar,Isparta
1961,Çiçekpınar,Isparta
10362,Şarkikaraağaç,Isparta
3622,Büyükkabaca,Isparta
4397,Senirkent,Isparta
2122,Sütçüler,Isparta
5417,Uluborlu,Isparta
1729,Hüyüklü,Isparta
22264,Yalvaç,Isparta
1955,Yenişarbademli,Isparta
16979,Adalar,İstanbul
344868,Arnavutköy,İstanbul
414866,Ataşehir,İstanbul
440934,Avcılar,İstanbul
713594,Bağcılar,İstanbul
560086,Bahçelievler,İstanbul
219893,Bakırköy,İstanbul
520467,Başakşehir,İstanbul
268303,Bayrampaşa,İstanbul
167264,Beşiktaş,İstanbul
245440,Beykoz,İstanbul
415290,Beylikdüzü,İstanbul
216688,Beyoğlu,İstanbul
280528,Büyükçekmece,İstanbul
80399,Çatalca,İstanbul
306739,Çekmeköy,İstanbul
423625,Esenler,İstanbul
988369,Esenyurt,İstanbul
420706,Eyüpsultan,İstanbul
354472,Fatih,İstanbul
479931,Gaziosmanpaşa,İstanbul
264831,Güngören,İstanbul
462189,Kadıköy,İstanbul
444820,Kağıthane,İstanbul
475859,Kartal,İstanbul
789033,Küçükçekmece,İstanbul
524921,Maltepe,İstanbul
749356,Pendik,İstanbul
502077,Sancaktepe,İstanbul
342582,Sarıyer,İstanbul
48936,Şile,İstanbul
232156,Silivri,İstanbul
263063,Şişli,İstanbul
369193,Sultanbeyli,İstanbul
532601,Sultangazi,İstanbul
301400,Tuzla,İstanbul
727819,Ümraniye,İstanbul
512981,Üsküdar,İstanbul
278344,Zeytinburnu,İstanbul
108701,Aliağa,İzmir
76613,Balçova,İzmir
40054,Bayındır,İzmir
299859,Bayraklı,İzmir
107347,Bergama,İzmir
11959,Beydağ,İzmir
448737,Bornova,İzmir
523193,Buca,İzmir
50828,Çeşme,İzmir
215697,Çiğli,İzmir
48647,Dikili,İzmir
36688,Foça,İzmir
136930,Gaziemir,İzmir
38500,Güzelbahçe,İzmir
473058,Karabağlar,İzmir
13473,Karaburun,İzmir
341580,Karşıyaka,İzmir
120375,Kemalpaşa,İzmir
28859,Kınık,İzmir
43401,Kiraz,İzmir
322393,Konak,İzmir
111453,Menderes,İzmir
214409,Menemen,İzmir
61732,Narlıdere,İzmir
132942,Ödemiş,İzmir
60914,Seferihisar,İzmir
38688,Selçuk,İzmir
87858,Tire,İzmir
218744,Torbalı,İzmir
79610,Urla,İzmir
78836,Afşin,Kahramanmaraş
32059,Andırın,Kahramanmaraş
22498,Çağlayancerit,Kahramanmaraş
217530,Dulkadiroğlu,Kahramanmaraş
10047,Ekinözü,Kahramanmaraş
130246,Elbistan,Kahramanmaraş
49576,Göksun,Kahramanmaraş
11824,Nurhak,Kahramanmaraş
436385,Onikişubat,Kahramanmaraş
67057,Pazarcık,Kahramanmaraş
78047,Türkoğlu,Kahramanmaraş
2105,Eflani,Karabük
6202,Eskipazar,Karabük
121846,Karabük,Karabük
632,Ovacık,Karabük
52140,Safranbolu,Karabük
9289,Yenice,Karabük
1514,Yortan,Karabük
2328,Ayrancı,Karaman
1848,Başyayla,Karaman
11828,Ermenek,Karaman
5046,Güneyyurt,Karaman
2252,Kazancı,Karaman
3624,Kazımkarabekir,Karaman
2460,Akçaşehir,Karaman
176200,Karaman,Karaman
2467,Sudurağı,Karaman
3062,Göktepe,Karaman
5340,Sarıveliler,Karaman
2101,Akyaka,Kars
2319,Arpaçay,Kars
3035,Dağpınar,Kars
2408,Digor,Kars
21381,Kağızman,Kars
95984,Kars,Kars
15337,Sarıkamış,Kars
5796,Selim,Kars
1999,Susuz,Kars
3655,Abana,Kastamonu
2323,Ağlı,Kastamonu
6793,Araç,Kastamonu
2968,Azdavay,Kastamonu
5291,Bozkurt,Kastamonu
3548,Çatalzeytin,Kastamonu
11464,Cide,Kastamonu
2637,Daday,Kastamonu
5183,Devrekani,Kastamonu
1047,Doğanyurt,Kastamonu
2135,Hanönü,Kastamonu
2744,İhsangazi,Kastamonu
9839,İnebolu,Kastamonu
2320,Küre,Kastamonu
129865,Kastamonu,Kastamonu
2414,Pınarbaşı,Kastamonu
1649,Şenpazar,Kastamonu
3153,Seydiler,Kastamonu
16696,Taşköprü,Kastamonu
28702,Tosya,Kastamonu
5738,Akkışla,Kayseri
30486,Bünyan,Kayseri
67676,Develi,Kayseri
5781,Felahiye,Kayseri
13270,Hacılar,Kayseri
30181,İncesu,Kayseri
416124,Kocasinan,Kayseri
589989,Melikgazi,Kayseri
4067,Özvatan,Kayseri
21567,Pınarbaşı,Kayseri
13943,Sarıoğlan,Kayseri
9853,Sarız,Kayseri
171689,Talas,Kayseri
20832,Tomarza,Kayseri
35588,Yahyalı,Kayseri
15674,Yeşilhisar,Kayseri
1963,Elbeyli,Kilis
119193,Kilis,Kilis
1222,Musabeyli,Kilis
1225,Polateli,Kilis
6187,Bahşılı,Kırıkkale
2117,Balışeyh,Kırıkkale
1018,Çelebi,Kırıkkale
2360,Çerikli,Kırıkkale
3711,Delice,Kırıkkale
2806,Karakeçili,Kırıkkale
9279,Keskin,Kırıkkale
3331,Hacılar,Kırıkkale
185336,Kırıkkale,Kırıkkale
2161,Sulakyurt,Kırıkkale
36070,Yahşihan,Kırıkkale
2118,Alpullu,Kırklareli
29145,Babaeski,Kırklareli
3314,Büyükmandıra,Kırklareli
1391,Karahalil,Kırklareli
3434,Demirköy,Kırklareli
2660,İğneada,Kırklareli
672,Kofçaz,Kırklareli
3596,Ahmetbey,Kırklareli
6648,Büyükkarıştıran,Kırklareli
3035,Evrensekiz,Kırklareli
127689,Lüleburgaz,Kırklareli
1579,İnece,Kırklareli
4559,Kavaklı,Kırklareli
91017,Kırklareli,Kırklareli
2266,Üsküp,Kırklareli
1666,Pehlivanköy,Kırklareli
1968,Kaynarca,Kırklareli
10737,Pınarhisar,Kırklareli
1974,Çakıllı,Kırklareli
2249,Kıyıköy,Kırklareli
15340,Vize,Kırklareli
753,Akçakent,Kırşehir
2777,Akpınar,Kırşehir
2832,Boztepe,Kırşehir
6862,Çiçekdağı,Kırşehir
2324,Köseli,Kırşehir
21214,Kaman,Kırşehir
1785,Kurancılı,Kırşehir
151018,Kırşehir,Kırşehir
3328,Özbağ,Kırşehir
13123,Mucur,Kırşehir
124998,Başiskele,Kocaeli
157503,Çayırova,Kocaeli
231442,Darıca,Kocaeli
147518,Derince,Kocaeli
54664,Dilovası,Kocaeli
411800,Gebze,Kocaeli
178872,Gölcük,Kocaeli
380831,İzmit,Kocaeli
53394,Kandıra,Kocaeli
59504,Karamürsel,Kocaeli
147814,Kartepe,Kocaeli
181666,Körfez,Kocaeli
4666,Ahırlı,Konya
5857,Akören,Konya
93719,Akşehir,Konya
14593,Altınekin,Konya
79629,Beyşehir,Konya
25199,Bozkır,Konya
9726,Çeltik,Konya
50021,Cihanbeyli,Konya
68551,Çumra,Konya
4014,Derbent,Konya
5540,Derebucak,Konya
14445,Doğanhisar,Konya
7739,Emirgazi,Konya
156253,Ereğli,Konya
9287,Güneysınır,Konya
11049,Hadim,Konya
4009,Halkapınar,Konya
15033,Hüyük,Konya
53239,Ilgın,Konya
31494,Kadınhanı,Konya
51324,Karapınar,Konya
385432,Karatay,Konya
51794,Kulu,Konya
348071,Meram,Konya
28533,Sarayönü,Konya
700358,Selçuklu,Konya
66067,Seydişehir,Konya
5931,Taşkent,Konya
6127,Tuzlukçu,Konya
1678,Yalıhüyük,Konya
20646,Yunak,Konya
5140,Altıntaş,Kütahya
1830,Aslanapa,Kütahya
2157,Çavdarhisar,Kütahya
1875,Çukurca,Kütahya
5036,Domaniç,Kütahya
1218,Dumlupınar,Kütahya
10889,Emet,Kütahya
2795,Eskigediz,Kütahya
26365,Gediz,Kütahya
1989,Gökler,Kütahya
2278,Yenikent,Kütahya
4803,Hisarcık,Kütahya
256952,Kütahya,Kütahya
1545,Seyitömer,Kütahya
3083,Pazarlar,Kütahya
2907,Şaphane,Kütahya
1869,Akdağ,Kütahya
3459,Çitgöl,Kütahya
2352,Demirci,Kütahya
1444,Güney,Kütahya
1491,Kuşu,Kütahya
1734,Naşa,Kütahya
29590,Simav,Kütahya
1465,Balıköy,Kütahya
1799,Kuruçay,Kütahya
74117,Tavşanlı,Kütahya
2568,Tepecik,Kütahya
4513,Tunçbilek,Kütahya
32609,Akçadağ,Malatya
10214,Arapgir,Malatya
7106,Arguvan,Malatya
276319,Battalgazi,Malatya
25524,Darende,Malatya
35947,Doğanşehir,Malatya
4078,Doğanyol,Malatya
18015,Hekimhan,Malatya
6189,Kale,Malatya
7623,Kuluncak,Malatya
13318,Pütürge,Malatya
14710,Yazıhan,Malatya
298839,Yeşilyurt,Malatya
17403,Ahmetli,Manisa
180509,Akhisar,Manisa
105776,Alaşehir,Manisa
35604,Demirci,Manisa
15176,Gölmarmara,Manisa
25759,Gördes,Manisa
37718,Kırkağaç,Manisa
12404,Köprübaşı,Manisa
42952,Kula,Manisa
165353,Salihli,Manisa
35125,Sarıgöl,Manisa
57935,Saruhanlı,Manisa
166228,Şehzadeler,Manisa
18869,Selendi,Manisa
110996,Soma,Manisa
178386,Turgutlu,Manisa
269160,Yunusemre,Manisa
197776,Artuklu,Mardin
27406,Dargeçit,Mardin
62401,Derik,Mardin
275460,Kızıltepe,Mardin
37470,Mazıdağı,Mardin
124543,Midyat,Mardin
119499,Nusaybin,Mardin
14066,Ömerli,Mardin
24294,Savur,Mardin
12996,Yeşilli,Mardin
256292,Akdeniz,Mersin
66930,Anamur,Mersin
11500,Aydıncık,Mersin
26995,Bozyazı,Mersin
8435,Çamlıyayla,Mersin
155435,Erdemli,Mersin
40188,Gülnar,Mersin
225824,Mezitli,Mersin
63218,Mut,Mersin
139852,Silifke,Mersin
356937,Tarsus,Mersin
323271,Toroslar,Mersin
279402,Yenişehir,Mersin
203035,Bodrum,Muğla
51088,Dalaman,Muğla
25866,Datça,Muğla
182280,Fethiye,Muğla
10834,Kavaklıdere,Muğla
41205,Köyceğiz,Muğla
96589,Marmaris,Muğla
124825,Menteşe,Muğla
150520,Milas,Muğla
57155,Ortaca,Muğla
65861,Seydikemer,Muğla
27392,Ula,Muğla
45217,Yatağan,Muğla
26257,Bulanık,Muş
2337,Elmakaya,Muş
4178,Erentepe,Muş
1914,Rüstemgedik,Muş
2458,Sarıpınar,Muş
2475,Uzgörür,Muş
1904,Yoncalı,Muş
3175,Düzkışla,Muş
16041,Hasköy,Muş
2567,Altınova,Muş
3372,Korkut,Muş
1318,Konakkuran,Muş
18563,Malazgirt,Muş
2552,Karaağaçlı,Muş
2141,Kırköy,Muş
3775,Kızılağaç,Muş
4002,Konukbekler,Muş
121556,Muş,Muş
2097,Serinova,Muş
7198,Sungu,Muş
3663,Yaygın,Muş
1920,Yeşilova,Muş
10926,Varto,Muş
6373,Acıgöl,Nevşehir
2961,Karapınar,Nevşehir
1951,Tatların,Nevşehir
14879,Avanos,Nevşehir
1765,Çalış,Nevşehir
4187,Kalaba,Nevşehir
3209,Özkonak,Nevşehir
10984,Derinkuyu,Nevşehir
3752,Yazıhüyük,Nevşehir
12504,Gülşehir,Nevşehir
5254,Hacıbektaş,Nevşehir
7814,Kozaklı,Nevşehir
2021,Çat,Nevşehir
2512,Göre,Nevşehir
2314,Göreme,Nevşehir
2559,Kavak,Nevşehir
4422,Kaymaklı,Nevşehir
5444,Nar,Nevşehir
128290,Nevşehir,Nevşehir
1994,Sulusaray,Nevşehir
3799,Uçhisar,Nevşehir
1169,Başdere,Nevşehir
3086,Ortahisar,Nevşehir
26847,Ürgüp,Nevşehir
3301,Altunhisar,Niğde
2867,Karakapı,Niğde
2220,Keçikalesi,Niğde
2490,Bahçeli,Niğde
42161,Bor,Niğde
2532,Çukurkuyu,Niğde
5927,Kemerhisar,Niğde
3722,Çamardı,Niğde
3667,Azatlı,Niğde
3939,Bozköy,Niğde
4718,Çiftlik,Niğde
4357,Divarlı,Niğde
2206,Aktaş,Niğde
3121,Alay,Niğde
2162,Bağlama,Niğde
1711,Değirmenli,Niğde
2349,Dündarlı,Niğde
4673,Edikli,Niğde
3979,Gümüşler,Niğde
2202,Hacıabdullah,Niğde
3221,Karaatlı,Niğde
5548,Kiledere,Niğde
2929,Konaklı,Niğde
170999,Niğde,Niğde
2837,Orhanlı,Niğde
4040,Sazlıca,Niğde
5530,Yeşilgölcük,Niğde
2021,Yıldıztepe,Niğde
5929,Ulukışla,Niğde
21177,Akkuş,Ordu
234628,Altınordu,Ordu
20334,Aybastı,Ordu
8935,Çamaş,Ordu
13260,Çatalpınar,Ordu
11959,Çaybaşı,Ordu
128359,Fatsa,Ordu
25809,Gölköy,Ordu
8837,Gülyalı,Ordu
13459,Gürgentepe,Ordu
13389,İkizce,Ordu
7195,Kabadüz,Ordu
10201,Kabataş,Ordu
27250,Korgan,Ordu
28357,Kumru,Ordu
12944,Mesudiye,Ordu
30558,Perşembe,Ordu
19289,Ulubey,Ordu
134771,Ünye,Ordu
16232,Bahçe,Osmaniye
1612,Atalan,Osmaniye
2505,Böcekli,Osmaniye
57091,Düziçi,Osmaniye
6560,Ellek,Osmaniye
3970,Yarbaşı,Osmaniye
2737,Hasanbeyli,Osmaniye
98358,Kadirli,Osmaniye
5712,Cevdetiye,Osmaniye
246720,Osmaniye,Osmaniye
2228,Mehmetli,Osmaniye
2194,Sumbas,Osmaniye
12200,Toprakkale,Osmaniye
8024,Türkmen,Osmaniye
28618,Ardeşen,Rize
4868,Tunca,Rize
1878,Çamlıhemşin,Rize
2206,Büyükköy,Rize
23468,Çayeli,Rize
3072,Madenli,Rize
4045,Derepazarı,Rize
11725,Fındıklı,Rize
8185,Güneysu,Rize
1278,Hemşin,Rize
1790,İkizdere,Rize
5135,İyidere,Rize
6896,Kalkandere,Rize
2654,Kendirli,Rize
2805,Muradiye,Rize
119191,Rize,Rize
2971,Salarha,Rize
17723,Pazar,Rize
282078,Adapazarı,Sakarya
98098,Akyazı,Sakarya
52979,Arifiye,Sakarya
92463,Erenler,Sakarya
35163,Ferizli,Sakarya
51751,Geyve,Sakarya
92729,Hendek,Sakarya
13726,Karapürçek,Sakarya
74548,Karasu,Sakarya
25256,Kaynarca,Sakarya
25080,Kocaali,Sakarya
31330,Pamukova,Sakarya
46847,Sapanca,Sakarya
166321,Serdivan,Sakarya
15366,Söğütlü,Sakarya
7000,Taraklı,Sakarya
28318,19,Samsun
24686,Alaçam,Samsun
16128,Asarcık,Samsun
253437,Atakum,Samsun
19556,Ayvacık,Samsun
143600,Bafra,Samsun
100591,Canik,Samsun
141850,Çarşamba,Samsun
38493,Havza,Samsun
325775,İlkadım,Samsun
25469,Kavak,Samsun
16309,Ladik,Samsun
20046,Salıpazarı,Samsun
58889,Tekkeköy,Samsun
71720,Terme,Samsun
88564,Vezirköprü,Samsun
8945,Yakakent,Samsun
129262,Akçakale,Şanlıurfa
92833,Birecik,Şanlıurfa
52578,Bozova,Şanlıurfa
92361,Ceylanpınar,Şanlıurfa
405089,Eyyübiye,Şanlıurfa
43023,Halfeti,Şanlıurfa
396226,Haliliye,Şanlıurfa
99990,Harran,Şanlıurfa
42560,Hilvan,Şanlıurfa
295746,Karaköprü,Şanlıurfa
274588,Siverek,Şanlıurfa
100137,Suruç,Şanlıurfa
213352,Viranşehir,Şanlıurfa
3444,Atabağı,Siirt
5423,Baykan,Siirt
6594,Veyselkarani,Siirt
9188,Eruh,Siirt
5246,Kayabağlar,Siirt
38117,Kurtalan,Siirt
1846,Gökçebağ,Siirt
167687,Siirt,Siirt
1937,Beğendik,Siirt
6111,Pervari,Siirt
3846,Şirvan,Siirt
2249,Tillo,Siirt
13083,Ayancık,Sinop
29198,Boyabat,Sinop
1269,Dikmen,Sinop
7481,Durağan,Sinop
4135,Erfelek,Sinop
21166,Gerze,Sinop
57833,Sinop,Sinop
1214,Saraydüzü,Sinop
7110,Türkeli,Sinop
5922,Beytüşşebap,Şırnak
146728,Cizre,Şırnak
3054,Fındık,Şırnak
4932,Güçlükonak,Şırnak
31962,İdil,Şırnak
4202,Karalar,Şırnak
2265,Sırtköy,Şırnak
3837,Balveren,Şırnak
3263,Kasrik,Şırnak
10063,Kumçatı,Şırnak
73315,Şırnak,Şırnak
7645,Başverimli,Şırnak
4939,Çalışkan,Şırnak
5094,Görümlü,Şırnak
112160,Silopi,Şırnak
3770,Hilal,Şırnak
7974,Şenoba,Şırnak
11484,Uludere,Şırnak
5068,Uzungeçit,Şırnak
2422,Akıncılar,Sivas
4227,Altınyayla,Sivas
2001,Deliilyas,Sivas
10807,Divriği,Sivas
1228,Doğanşar,Sivas
1629,Çepni,Sivas
10262,Gemerek,Sivas
3134,Sızır,Sivas
1045,Gölova,Sivas
10315,Gürün,Sivas
3309,Hafik,Sivas
2802,İmranlı,Sivas
8943,Kangal,Sivas
4207,Koyulhisar,Sivas
367154,Sivas,Sivas
2542,Yıldız,Sivas
1253,Cemel,Sivas
1889,Gürçayır,Sivas
23985,Şarkışla,Sivas
15699,Suşehri,Sivas
3013,Ulaş,Sivas
1940,Güneykaya,Sivas
6358,Yıldızeli,Sivas
11463,Zara,Sivas
218926,Çerkezköy,Tekirdağ
300296,Çorlu,Tekirdağ
68526,Ergene,Tekirdağ
30084,Hayrabolu,Tekirdağ
147610,Kapaklı,Tekirdağ
50727,Malkara,Tekirdağ
32104,Marmaraereğlisi,Tekirdağ
30455,Muratlı,Tekirdağ
51275,Saray,Tekirdağ
34091,Şarköy,Tekirdağ
223068,Süleymanpaşa,Tekirdağ
2367,Akarçay,Tokat
5071,Almus,Tokat
3750,Ataköy,Tokat
2107,Bağtaşı,Tokat
2427,Çevreli,Tokat
2889,Gölgeli,Tokat
2319,Kınık,Tokat
4681,Artova,Tokat
5361,Başçiftlik,Tokat
2605,Hatipli,Tokat
73373,Erbaa,Tokat
3856,Gökal,Tokat
4103,Karayaka,Tokat
4594,Tanoba,Tokat
4128,Çamlıbel,Tokat
4211,Çat,Tokat
2071,Emirseyit,Tokat
1890,Güryıldız,Tokat
156352,Tokat,Tokat
2315,Gökçeli,Tokat
3518,Gürçeşme,Tokat
2141,Kuyucak,Tokat
38926,Niksar,Tokat
3099,Serenli,Tokat
2436,Yazıcık,Tokat
3284,Yolkonak,Tokat
4809,Pazar,Tokat
3697,Üzümören,Tokat
3508,Baydarlı,Tokat
4391,Bereketli,Tokat
3541,Bozçalı,Tokat
2169,Çevrecik,Tokat
3382,Cimitekke,Tokat
2553,Demircili,Tokat
3997,Hasanşeyh,Tokat
9537,Reşadiye,Tokat
2242,Yolüstü,Tokat
4898,Sulusaray,Tokat
1989,Şenyurt,Tokat
61912,Turhal,Tokat
771,Kuşçu,Tokat
5112,Yeşilyurt,Tokat
33730,Zile,Tokat
130585,Akçaabat,Trabzon
49627,Araklı,Trabzon
31709,Arsin,Trabzon
23367,Beşikdüzü,Trabzon
15229,Çarşıbaşı,Trabzon
13674,Çaykara,Trabzon
3959,Dernekpazarı,Trabzon
13451,Düzköy,Trabzon
7916,Hayrat,Trabzon
4527,Köprübaşı,Trabzon
25472,Maçka,Trabzon
43879,Of,Trabzon
330836,Ortahisar,Trabzon
11161,Şalpazarı,Trabzon
25535,Sürmene,Trabzon
13785,Tonya,Trabzon
27219,Vakfıkebir,Trabzon
50339,Yomra,Trabzon
3390,Çemişgezek,Tunceli
3179,Hozat,Tunceli
1887,Akpazar,Tunceli
1252,Mazgirt,Tunceli
37092,Tunceli,Tunceli
1405,Nazımiye,Tunceli
3398,Ovacık,Tunceli
6374,Pertek,Tunceli
1478,Pülümür,Tunceli
16858,Banaz,Uşak
1896,Kızılcasöğüt,Uşak
15910,Eşme,Uşak
2051,Yeleğen,Uşak
5703,Karahallı,Uşak
236369,Uşak,Uşak
1968,Pınarbaşı,Uşak
1764,Selçikler,Uşak
7180,Sivaslı,Uşak
1785,Tatar,Uşak
6017,Ulubey,Uşak
12173,Bahçesaray,Van
41159,Başkale,Van
52614,Çaldıran,Van
17389,Çatak,Van
130768,Edremit,Van
170209,Erciş,Van
26597,Gevaş,Van
29982,Gürpınar,Van
356977,İpekyolu,Van
42986,Muradiye,Van
53966,Özalp,Van
17382,Saray,Van
165885,Tuşba,Van
10432,Altınova,Yalova
6881,Kaytazdere,Yalova
8452,Subaşı,Yalova
4444,Tavşanlı,Yalova
9135,Armutlu,Yalova
48590,Çiftlikköy,Yalova
4608,Taşköprü,Yalova
20832,Çınarcık,Yalova
4084,Esenköy,Yalova
8220,Koru,Yalova
4278,Teşvikiye,Yalova
10731,Kadıköy,Yalova
130979,Yalova,Yalova
3821,Termal,Yalova
21447,Akdağmadeni,Yozgat
1704,Belekçahan,Yozgat
1305,Oluközü,Yozgat
1971,Umutlu,Yozgat
2975,Aydıncık,Yozgat
3126,Baydiğin,Yozgat
19811,Boğazlıyan,Yozgat
2333,Ovakent,Yozgat
1503,Sırçalı,Yozgat
1452,Uzunlu,Yozgat
2658,Yamaçlı,Yozgat
1811,Yenipazar,Yozgat
3573,Çandır,Yozgat
5182,Çayıralan,Yozgat
1992,Konuklar,Yozgat
9391,Çekerek,Yozgat
1986,Özükavak,Yozgat
2310,Halıköy,Yozgat
5188,Kadışehri,Yozgat
92040,Yozgat,Yozgat
995,Dedefakılı,Yozgat
1603,Ozan,Yozgat
6168,Saraykent,Yozgat
2831,Karayakup,Yozgat
18720,Sarıkaya,Yozgat
8901,Şefaatli,Yozgat
1794,Araplı,Yozgat
2256,Bahadın,Yozgat
1777,Çiğdemli,Yozgat
2211,Doğankent,Yozgat
1984,Eymir,Yozgat
1714,Gülşehri,Yozgat
55630,Sorgun,Yozgat
1800,Yeniyer,Yozgat
2639,Yenifakılı,Yozgat
26220,Yerköy,Yozgat
20807,Alaplı,Zonguldak
2145,Gümeli,Zonguldak
31890,Çaycuma,Zonguldak
4995,Filyos,Zonguldak
2789,Karapınar,Zonguldak
2295,Nebioğlu,Zonguldak
4564,Perşembe,Zonguldak
3977,Saltukova,Zonguldak
7527,Çaydeğirmeni,Zonguldak
26972,Devrek,Zonguldak
121619,Ereğli,Zonguldak
8085,Gülüç,Zonguldak
3078,Kandilli,Zonguldak
2128,Ormanlı,Zonguldak
3685,Bakacakkadı,Zonguldak
8813,Gökçebey,Zonguldak
6266,Çatalağzı,Zonguldak
2712,Gelik,Zonguldak
19965,Kilimli,Zonguldak
1619,Muslu,Zonguldak
43932,Kozlu,Zonguldak
2547,Beycuma,Zonguldak
2792,Elvanpazarcık,Zonguldak
1943,Karaman,Zonguldak
99805,Zonguldak,Zonguldak
430177,Elâzığ,Elâzığ
