||Sütunlar|
Satırlar||Belediye, Köy Ve Mahalle Nüfusları|
||Ölçüm bazında|
|||
|||
2024
|Adana(Aladağ/Aladağ Bel.)-931|16190.0|
|Adana(Ceyhan/Ceyhan Bel.)-936|155965.0|
|Adana(Çukurova/Çukurova Bel.)-4506|378650.0|
|Adana(Feke/Feke Bel.)-935|16116.0|
|Adana(İmamoğlu/İmamoğlu Bel.)-934|27071.0|
|Adana(Karaisalı/Karaisalı Bel.)-933|22997.0|
|Adana(Karataş/Karataş Bel.)-932|24304.0|
|Adana(Kozan/Kozan Bel.)-938|132911.0|
|Adana(Pozantı/Pozantı Bel.)-930|20235.0|
|Adana(Saimbeyli/Saimbeyli Bel.)-929|13451.0|
|Adana(Sarıçam/Sarıçam Bel.)-4505|251259.0|
|Adana(Seyhan/Seyhan Bel.)-937|786931.0|
|Adana(Tufanbeyli/Tufanbeyli Bel.)-927|16524.0|
|Adana(Yumurtalık/Yumurtalık Bel.)-926|17970.0|
|Adana(Yüreğir/Yüreğir Bel.)-928|399910.0|
|Adıyaman(Besni/Besni Bel.)-986|38003.0|
|Adıyaman(Besni/Çakırhüyük Bel.)-998|1731.0|
|Adıyaman(Besni/Kesmetepe Bel.)-997|1581.0|
|Adıyaman(Besni/Köseceli Bel.)-996|1932.0|
|Adıyaman(Besni/Şambayat Bel.)-988|3474.0|
|Adıyaman(Besni/Suvarlı Bel.)-987|2029.0|
|Adıyaman(Çelikhan/Çelikhan Bel.)-984|8581.0|
|Adıyaman(Çelikhan/Pınarbaşı Bel.)-989|3182.0|
|Adıyaman(Gerger/Gerger Bel.)-981|2826.0|
|Adıyaman(Gölbaşı/Balkar Bel.)-990|2038.0|
|Adıyaman(Gölbaşı/Belören Bel.)-991|2041.0|
|Adıyaman(Gölbaşı/Gölbaşı Bel.)-978|31663.0|
|Adıyaman(Gölbaşı/Harmanlı Bel.)-992|1485.0|
|Adıyaman(Kahta/Akıncılar Bel.)-994|1507.0|
|Adıyaman(Kahta/Bölükyayla Bel.)-993|1985.0|
|Adıyaman(Kahta/Kahta Bel.)-983|95518.0|
|Adıyaman(Merkez/Adıyaman Bel.)-985|233783.0|
|Adıyaman(Merkez/Kömür Bel.)-1002|2944.0|
|Adıyaman(Merkez/Yaylakonak Bel.)-1004|1667.0|
|Adıyaman(Samsat/Samsat Bel.)-980|3777.0|
|Adıyaman(Sincik/İnlice Bel.)-995|1907.0|
|Adıyaman(Sincik/Sincik Bel.)-979|5396.0|
|Adıyaman(Tut/Tut Bel.)-982|3448.0|
|Afyonkarahisar(Başmakçı/Başmakçı Bel.)-1013|4864.0|
|Afyonkarahisar(Bayat/Bayat Bel.)-1014|4230.0|
|Afyonkarahisar(Bolvadin/Bolvadin Bel.)-1015|33646.0|
|Afyonkarahisar(Bolvadin/Dişli Bel.)-1078|2822.0|
|Afyonkarahisar(Bolvadin/Özburun Bel.)-1080|2054.0|
|Afyonkarahisar(Çay/Çay Bel.)-1016|14231.0|
|Afyonkarahisar(Çay/Karamıkkaracaören Bel.)-1086|2313.0|
|Afyonkarahisar(Çay/Pazarağaç Bel.)-1088|2550.0|
|Afyonkarahisar(Çobanlar/Çobanlar Bel.)-1017|9408.0|
|Afyonkarahisar(Çobanlar/Kocaöz Bel.)-1089|2825.0|
|Afyonkarahisar(Dazkırı/Dazkırı Bel.)-1018|6118.0|
|Afyonkarahisar(Dinar/Dinar Bel.)-1019|26957.0|
|Afyonkarahisar(Dinar/Haydarlı Bel.)-1092|2149.0|
|Afyonkarahisar(Dinar/Tatarlı Bel.)-1097|2751.0|
|Afyonkarahisar(Emirdağ/Davulga Bel.)-1101|2209.0|
|Afyonkarahisar(Emirdağ/Emirdağ Bel.)-1020|23451.0|
|Afyonkarahisar(Emirdağ/Gömü Bel.)-52579|2130.0|
|Afyonkarahisar(Evciler/Evciler Bel.)-1021|3254.0|
|Afyonkarahisar(Hocalar/Hocalar Bel.)-1022|2124.0|
|Afyonkarahisar(İhsaniye/Döğer Bel.)-1108|5926.0|
|Afyonkarahisar(İhsaniye/Gazlıgöl Bel.)-1109|2602.0|
|Afyonkarahisar(İhsaniye/İhsaniye Bel.)-1007|3876.0|
|Afyonkarahisar(İhsaniye/Kayıhan Bel.)-1112|2216.0|
|Afyonkarahisar(İhsaniye/Yaylabağı Bel.)-1024|2337.0|
|Afyonkarahisar(İscehisar/İscehisar Bel.)-1006|13724.0|
|Afyonkarahisar(İscehisar/Seydiler Bel.)-1026|2071.0|
|Afyonkarahisar(Kızılören/Kızılören Bel.)-1023|1365.0|
|Afyonkarahisar(Merkez/Afyonkarahisar Bel.)-1012|257436.0|
|Afyonkarahisar(Merkez/Beyyazı Bel.)-1062|3334.0|
|Afyonkarahisar(Merkez/Çayırbağ Bel.)-1064|4503.0|
|Afyonkarahisar(Merkez/Çıkrık Bel.)-1065|2521.0|
|Afyonkarahisar(Merkez/Değirmenayvalı Bel.)-1066|2946.0|
|Afyonkarahisar(Merkez/Erkmen Bel.)-1067|9159.0|
|Afyonkarahisar(Merkez/Fethibey Bel.)-1068|2746.0|
|Afyonkarahisar(Merkez/Gebeceler Bel.)-1069|3489.0|
|Afyonkarahisar(Merkez/Işıklar Bel.)-1070|7349.0|
|Afyonkarahisar(Merkez/Kocatepe Bel.)-1063|3202.0|
|Afyonkarahisar(Merkez/Nuribey Bel.)-1071|3075.0|
|Afyonkarahisar(Merkez/Salar Bel.)-1072|4603.0|
|Afyonkarahisar(Merkez/Sülümenli Bel.)-1074|3742.0|
|Afyonkarahisar(Merkez/Sülün Bel.)-1075|3424.0|
|Afyonkarahisar(Merkez/Susuz Bel.)-1073|4868.0|
|Afyonkarahisar(Sandıklı/Akharım Bel.)-1035|2660.0|
|Afyonkarahisar(Sandıklı/Sandıklı Bel.)-1008|34897.0|
|Afyonkarahisar(Sinanpaşa/Ahmetpaşa Bel.)-1037|2830.0|
|Afyonkarahisar(Sinanpaşa/Akören Bel.)-1038|3014.0|
|Afyonkarahisar(Sinanpaşa/Düzağaç Bel.)-1039|2105.0|
|Afyonkarahisar(Sinanpaşa/Güney Bel.)-1040|2187.0|
|Afyonkarahisar(Sinanpaşa/Kılıçarslan Bel.)-1041|2723.0|
|Afyonkarahisar(Sinanpaşa/Kırka Bel.)-1042|2051.0|
|Afyonkarahisar(Sinanpaşa/Küçükhüyük Bel.)-1043|1864.0|
|Afyonkarahisar(Sinanpaşa/Serban Bel.)-1045|1460.0|
|Afyonkarahisar(Sinanpaşa/Sinanpaşa Bel.)-1009|3613.0|
|Afyonkarahisar(Sinanpaşa/Taşoluk Bel.)-1046|3569.0|
|Afyonkarahisar(Sinanpaşa/Tınaztepe Bel.)-1047|2791.0|
|Afyonkarahisar(Şuhut/Karaadilli Bel.)-1058|2183.0|
|Afyonkarahisar(Şuhut/Şuhut Bel.)-1011|15061.0|
|Afyonkarahisar(Sultandağı/Dereçine Bel.)-1049|1957.0|
|Afyonkarahisar(Sultandağı/Sultandağı Bel.)-1010|5166.0|
|Afyonkarahisar(Sultandağı/Yeşilçiftlik Bel.)-1054|2105.0|
|Ağrı(Diyadin/Diyadin Bel.)-1119|19041.0|
|Ağrı(Doğubayazıt/Doğubayazıt Bel.)-1114|80450.0|
|Ağrı(Eleşkirt/Eleşkirt Bel.)-1116|9915.0|
|Ağrı(Eleşkirt/Tahir Bel.)-1124|1422.0|
|Ağrı(Eleşkirt/Yayladüzü Bel.)-1122|1639.0|
|Ağrı(Eleşkirt/Yücekapı Bel.)-1123|2091.0|
|Ağrı(Hamur/Hamur Bel.)-1120|2899.0|
|Ağrı(Merkez/Ağrı Bel.)-1117|123772.0|
|Ağrı(Patnos/Dedeli Bel.)-1121|2965.0|
|Ağrı(Patnos/Patnos Bel.)-1115|59010.0|
|Ağrı(Taşlıçay/Taşlıçay Bel.)-1113|6350.0|
|Ağrı(Tutak/Tutak Bel.)-1118|7265.0|
|Aksaray(Ağaçören/Ağaçören Bel.)-3941|3012.0|
|Aksaray(Eskil/Eskil Bel.)-3942|18517.0|
|Aksaray(Eskil/Eşmekaya Bel.)-3961|2686.0|
|Aksaray(Gülağaç/Demirci Bel.)-3963|3958.0|
|Aksaray(Gülağaç/Gülağaç Bel.)-3940|4976.0|
|Aksaray(Gülağaç/Gülpınar Bel.)-3964|2847.0|
|Aksaray(Gülağaç/Saratlı Bel.)-3965|2281.0|
|Aksaray(Güzelyurt/Güzelyurt Bel.)-3943|2763.0|
|Aksaray(Güzelyurt/Ihlara Bel.)-3967|2275.0|
|Aksaray(Güzelyurt/Selime Bel.)-3969|1839.0|
|Aksaray(Merkez/Aksaray Bel.)-3938|257802.0|
|Aksaray(Merkez/Bağlıkaya Bel.)-3982|3016.0|
|Aksaray(Merkez/Helvadere Bel.)-3953|2672.0|
|Aksaray(Merkez/Sağlık Bel.)-3978|2511.0|
|Aksaray(Merkez/Taşpınar Bel.)-3950|3052.0|
|Aksaray(Merkez/Topakkaya Bel.)-3944|2644.0|
|Aksaray(Merkez/Yenikent Bel.)-3958|5442.0|
|Aksaray(Merkez/Yeşilova Bel.)-3956|3948.0|
|Aksaray(Merkez/Yeşiltepe Bel.)-3959|2249.0|
|Aksaray(Ortaköy/Ortaköy Bel.)-3939|20460.0|
|Aksaray(Sarıyahşi/Sarıyahşi Bel.)-3937|3361.0|
|Aksaray(Sultanhanı/Sultanhanı Bel.)-52937|12078.0|
|Amasya(Göynücek/Göynücek Bel.)-1130|5378.0|
|Amasya(Gümüşhacıköy/Gümüşhacıköy Bel.)-1128|15401.0|
|Amasya(Hamamözü/Hamamözü Bel.)-1125|1576.0|
|Amasya(Merkez/Amasya Bel.)-1126|119466.0|
|Amasya(Merkez/Ziyaret Bel.)-1151|4181.0|
|Amasya(Merzifon/Merzifon Bel.)-1131|64172.0|
|Amasya(Suluova/Suluova Bel.)-1129|39617.0|
|Amasya(Taşova/Taşova Bel.)-1127|11173.0|
|Ankara(Akyurt/Akyurt Bel.)-1162|44541.0|
|Ankara(Altındağ/Altındağ Bel.)-1178|414893.0|
|Ankara(Ayaş/Ayaş Bel.)-1163|13670.0|
|Ankara(Bala/Bala Bel.)-1164|21893.0|
|Ankara(Beypazarı/Beypazarı Bel.)-1165|48445.0|
|Ankara(Çamlıdere/Çamlıdere Bel.)-1166|10475.0|
|Ankara(Çankaya/Çankaya Bel.)-1155|947330.0|
|Ankara(Çubuk/Çubuk Bel.)-1167|100750.0|
|Ankara(Elmadağ/Elmadağ Bel.)-1168|45133.0|
|Ankara(Etimesgut/Etimesgut Bel.)-1156|629112.0|
|Ankara(Evren/Evren Bel.)-1169|3096.0|
|Ankara(Gölbaşı/Gölbaşı Bel.)-1157|165201.0|
|Ankara(Güdül/Güdül Bel.)-1170|8521.0|
|Ankara(Haymana/Haymana Bel.)-1171|27241.0|
|Ankara(Kahramankazan/Kahramankazan Bel.)-1173|62060.0|
|Ankara(Kalecik/Kalecik Bel.)-1172|12801.0|
|Ankara(Keçiören/Keçiören Bel.)-1158|932128.0|
|Ankara(Kızılcahamam/Kızılcahamam Bel.)-1174|28823.0|
|Ankara(Mamak/Mamak Bel.)-1159|686777.0|
|Ankara(Nallıhan/Nallıhan Bel.)-1175|26488.0|
|Ankara(Polatlı/Polatlı Bel.)-1176|130515.0|
|Ankara(Pursaklar/Pursaklar Bel.)-1205|165665.0|
|Ankara(Şereflikoçhisar/Şereflikoçhisar Bel.)-1177|33316.0|
|Ankara(Sincan/Sincan Bel.)-1160|590309.0|
|Ankara(Yenimahalle/Yenimahalle Bel.)-1161|714866.0|
|Antalya(Akseki/Akseki Bel.)-1226|10546.0|
|Antalya(Aksu/Aksu Bel.)-1314|82560.0|
|Antalya(Alanya/Alanya Bel.)-1227|361873.0|
|Antalya(Demre/Demre Bel.)-1233|27814.0|
|Antalya(Döşemealtı/Döşemealtı Bel.)-1319|90572.0|
|Antalya(Elmalı/Elmalı Bel.)-1228|41853.0|
|Antalya(Finike/Finike Bel.)-1229|51620.0|
|Antalya(Gazipaşa/Gazipaşa Bel.)-1230|55362.0|
|Antalya(Gündoğmuş/Gündoğmuş Bel.)-1231|7353.0|
|Antalya(İbradı/İbradı Bel.)-1232|3411.0|
|Antalya(Kaş/Kaş Bel.)-1234|63921.0|
|Antalya(Kemer/Kemer Bel.)-1235|50436.0|
|Antalya(Kepez/Kepez Bel.)-1309|629479.0|
|Antalya(Konyaaltı/Konyaaltı Bel.)-1308|196079.0|
|Antalya(Korkuteli/Korkuteli Bel.)-1222|58728.0|
|Antalya(Kumluca/Kumluca Bel.)-1223|75041.0|
|Antalya(Manavgat/Manavgat Bel.)-1224|262576.0|
|Antalya(Muratpaşa/Muratpaşa Bel.)-1310|509444.0|
|Antalya(Serik/Serik Bel.)-1225|143435.0|
|Ardahan(Çıldır/Çıldır Bel.)-4079|2565.0|
|Ardahan(Damal/Damal Bel.)-4083|2666.0|
|Ardahan(Göle/Göle Bel.)-4080|5746.0|
|Ardahan(Göle/Köprülü Bel.)-4085|1992.0|
|Ardahan(Hanak/Hanak Bel.)-4081|2789.0|
|Ardahan(Merkez/Ardahan Bel.)-4078|24609.0|
|Ardahan(Posof/Posof Bel.)-4082|2081.0|
|Artvin(Ardanuç/Ardanuç Bel.)-1331|5376.0|
|Artvin(Arhavi/Arhavi Bel.)-1325|17455.0|
|Artvin(Borçka/Borçka Bel.)-1327|10958.0|
|Artvin(Hopa/Hopa Bel.)-1328|23369.0|
|Artvin(Kemalpaşa/Kemalpaşa Bel.)-52925|6302.0|
|Artvin(Merkez/Artvin Bel.)-1329|26348.0|
|Artvin(Murgul/Murgul Bel.)-1330|4935.0|
|Artvin(Şavşat/Şavşat Bel.)-1326|6937.0|
|Artvin(Yusufeli/Yusufeli Bel.)-1324|7145.0|
|Aydın(Bozdoğan/Bozdoğan Bel.)-1336|31945.0|
|Aydın(Buharkent/Buharkent Bel.)-1347|13115.0|
|Aydın(Çine/Çine Bel.)-1345|48209.0|
|Aydın(Didim/Didim Bel.)-1339|101474.0|
|Aydın(Efeler/Efeler Bel.)-52365|308551.0|
|Aydın(Germencik/Germencik Bel.)-1351|44677.0|
|Aydın(İncirliova/İncirliova Bel.)-1341|57483.0|
|Aydın(Karacasu/Karacasu Bel.)-1352|17508.0|
|Aydın(Karpuzlu/Karpuzlu Bel.)-1349|10510.0|
|Aydın(Koçarlı/Koçarlı Bel.)-1348|22464.0|
|Aydın(Köşk/Köşk Bel.)-1344|28436.0|
|Aydın(Kuşadası/Kuşadası Bel.)-1343|137015.0|
|Aydın(Kuyucak/Kuyucak Bel.)-1340|26684.0|
|Aydın(Nazilli/Nazilli Bel.)-1350|162041.0|
|Aydın(Söke/Söke Bel.)-1346|123850.0|
|Aydın(Sultanhisar/Sultanhisar Bel.)-1338|20147.0|
|Aydın(Yenipazar/Yenipazar Bel.)-1342|11834.0|
|Balıkesir(Altıeylül/Altıeylül Bel.)-52381|185351.0|
|Balıkesir(Ayvalık/Ayvalık Bel.)-1394|75126.0|
|Balıkesir(Balya/Balya Bel.)-1392|12695.0|
|Balıkesir(Bandırma/Bandırma Bel.)-1402|167363.0|
|Balıkesir(Bigadiç/Bigadiç Bel.)-1391|48445.0|
|Balıkesir(Burhaniye/Burhaniye Bel.)-1406|67039.0|
|Balıkesir(Dursunbey/Dursunbey Bel.)-1401|32778.0|
|Balıkesir(Edremit/Edremit Bel.)-1398|173689.0|
|Balıkesir(Erdek/Erdek Bel.)-1405|32021.0|
|Balıkesir(Gömeç/Gömeç Bel.)-1399|18269.0|
|Balıkesir(Gönen/Gönen Bel.)-1396|75486.0|
|Balıkesir(Havran/Havran Bel.)-1393|28107.0|
|Balıkesir(İvrindi/İvrindi Bel.)-1390|31386.0|
|Balıkesir(Karesi/Karesi Bel.)-52377|190427.0|
|Balıkesir(Kepsut/Kepsut Bel.)-1404|21886.0|
|Balıkesir(Manyas/Manyas Bel.)-1403|17890.0|
|Balıkesir(Marmara/Marmara Bel.)-1400|11708.0|
|Balıkesir(Savaştepe/Savaştepe Bel.)-1397|16547.0|
|Balıkesir(Sındırgı/Sındırgı Bel.)-1395|32133.0|
|Balıkesir(Susurluk/Susurluk Bel.)-1408|37750.0|
|Bartın(Amasra/Amasra Bel.)-4070|6024.0|
|Bartın(Kurucaşile/Kurucaşile Bel.)-4072|2256.0|
|Bartın(Merkez/Bartın Bel.)-4069|87803.0|
|Bartın(Merkez/Hasankadı Bel.)-4075|2023.0|
|Bartın(Merkez/Kozcağız Bel.)-4076|7285.0|
|Bartın(Ulus/Abdipaşa Bel.)-4074|2736.0|
|Bartın(Ulus/Kumluca Bel.)-4073|2328.0|
|Bartın(Ulus/Ulus Bel.)-4071|5423.0|
|Batman(Beşiri/Beşiri Bel.)-4042|13522.0|
|Batman(Beşiri/İkiköprü Bel.)-4046|3383.0|
|Batman(Gercüş/Gercüş Bel.)-4038|6487.0|
|Batman(Gercüş/Kayapınar Bel.)-4048|2283.0|
|Batman(Hasankeyf/Hasankeyf Bel.)-4040|4035.0|
|Batman(Kozluk/Bekirhan Bel.)-4043|2967.0|
|Batman(Kozluk/Kozluk Bel.)-4039|28967.0|
|Batman(Merkez/Balpınar Bel.)-4047|6034.0|
|Batman(Merkez/Batman Bel.)-4041|480354.0|
|Batman(Sason/Sason Bel.)-4037|13167.0|
|Batman(Sason/Yücebağ Bel.)-4045|2658.0|
|Bayburt(Aydıntepe/Aydıntepe Bel.)-3987|3224.0|
|Bayburt(Demirözü/Demirözü Bel.)-3986|3735.0|
|Bayburt(Demirözü/Gökçedere Bel.)-3988|2454.0|
|Bayburt(Merkez/Arpalı Bel.)-3991|2435.0|
|Bayburt(Merkez/Bayburt Bel.)-3985|46774.0|
|Bilecik(Bozüyük/Bozüyük Bel.)-1448|74307.0|
|Bilecik(Bozüyük/Dodurga Bel.)-1455|2067.0|
|Bilecik(Gölpazarı/Gölpazarı Bel.)-1449|6647.0|
|Bilecik(İnhisar/İnhisar Bel.)-1450|941.0|
|Bilecik(Merkez/Bayırköy Bel.)-1457|2043.0|
|Bilecik(Merkez/Bilecik Bel.)-1443|70920.0|
|Bilecik(Merkez/Vezirhan Bel.)-1456|2970.0|
|Bilecik(Osmaneli/Osmaneli Bel.)-1447|16712.0|
|Bilecik(Pazaryeri/Pazaryeri Bel.)-1446|5993.0|
|Bilecik(Söğüt/Söğüt Bel.)-1445|14305.0|
|Bilecik(Yenipazar/Yenipazar Bel.)-1444|1054.0|
|Bingöl(Adaklı/Adaklı Bel.)-1459|3173.0|
|Bingöl(Genç/Genç Bel.)-1462|20777.0|
|Bingöl(Karlıova/Karlıova Bel.)-1465|9520.0|
|Bingöl(Kiğı/Kiğı Bel.)-1461|2658.0|
|Bingöl(Merkez/Bingöl Bel.)-1463|137199.0|
|Bingöl(Merkez/Ilıcalar Bel.)-1469|2935.0|
|Bingöl(Merkez/Sancak Bel.)-1468|2405.0|
|Bingöl(Solhan/Arakonak Bel.)-1466|2502.0|
|Bingöl(Solhan/Solhan Bel.)-1460|20616.0|
|Bingöl(Yayladere/Yayladere Bel.)-1458|840.0|
|Bingöl(Yedisu/Yedisu Bel.)-1464|1366.0|
|Bitlis(Adilcevaz/Adilcevaz Bel.)-1477|15234.0|
|Bitlis(Adilcevaz/Aydınlar Bel.)-1484|1974.0|
|Bitlis(Ahlat/Ahlat Bel.)-1474|31726.0|
|Bitlis(Ahlat/Ovakışla Bel.)-1483|3923.0|
|Bitlis(Güroymak/Gölbaşı Bel.)-1482|4989.0|
|Bitlis(Güroymak/Günkırı Bel.)-1481|4828.0|
|Bitlis(Güroymak/Güroymak Bel.)-1471|30140.0|
|Bitlis(Hizan/Hizan Bel.)-1475|13601.0|
|Bitlis(Merkez/Bitlis Bel.)-1476|56988.0|
|Bitlis(Merkez/Yolalan Bel.)-1485|2526.0|
|Bitlis(Mutki/Kavakbaşı Bel.)-1479|3102.0|
|Bitlis(Mutki/Mutki Bel.)-1473|3062.0|
|Bitlis(Tatvan/Tatvan Bel.)-1472|87527.0|
|Bolu(Dörtdivan/Dörtdivan Bel.)-1491|2593.0|
|Bolu(Gerede/Gerede Bel.)-1492|26082.0|
|Bolu(Göynük/Göynük Bel.)-1493|4453.0|
|Bolu(Kıbrıscık/Kıbrıscık Bel.)-1494|1022.0|
|Bolu(Mengen/Gökçesu Bel.)-1495|1766.0|
|Bolu(Mengen/Mengen Bel.)-1487|5613.0|
|Bolu(Merkez/Bolu Bel.)-1486|188986.0|
|Bolu(Merkez/Karacasu Bel.)-1498|2524.0|
|Bolu(Mudurnu/Mudurnu Bel.)-1489|5202.0|
|Bolu(Mudurnu/Taşkesti Bel.)-1496|2374.0|
|Bolu(Seben/Seben Bel.)-1488|2304.0|
|Bolu(Yeniçağa/Yeniçağa Bel.)-1490|4290.0|
|Burdur(Ağlasun/Ağlasun Bel.)-1506|3717.0|
|Burdur(Altınyayla/Altınyayla Bel.)-1502|2905.0|
|Burdur(Bucak/Bucak Bel.)-1501|48656.0|
|Burdur(Bucak/Kızılkaya Bel.)-1521|2482.0|
|Burdur(Bucak/Kocaaliler Bel.)-1519|1932.0|
|Burdur(Çavdır/Çavdır Bel.)-1507|5124.0|
|Burdur(Çavdır/Söğüt Bel.)-1510|3217.0|
|Burdur(Çeltikçi/Çeltikçi Bel.)-1499|2251.0|
|Burdur(Gölhisar/Gölhisar Bel.)-1508|17161.0|
|Burdur(Gölhisar/Yusufça Bel.)-52991|2365.0|
|Burdur(Karamanlı/Karamanlı Bel.)-1505|6060.0|
|Burdur(Kemer/Kemer Bel.)-1509|1407.0|
|Burdur(Merkez/Burdur Bel.)-1504|96038.0|
|Burdur(Tefenni/Tefenni Bel.)-1503|5965.0|
|Burdur(Yeşilova/Yeşilova Bel.)-1500|5217.0|
|Bursa(Büyükorhan/Büyükorhan Bel.)-1544|9596.0|
|Bursa(Gemlik/Gemlik Bel.)-1543|123361.0|
|Bursa(Gürsu/Gürsu Bel.)-1542|104867.0|
|Bursa(Harmancık/Harmancık Bel.)-1541|6204.0|
|Bursa(İnegöl/İnegöl Bel.)-1540|302251.0|
|Bursa(İznik/İznik Bel.)-1531|45208.0|
|Bursa(Karacabey/Karacabey Bel.)-1539|85968.0|
|Bursa(Keles/Keles Bel.)-1538|11171.0|
|Bursa(Kestel/Kestel Bel.)-1537|76659.0|
|Bursa(Mudanya/Mudanya Bel.)-1536|110797.0|
|Bursa(Mustafakemalpaşa/Mustafakemalpaşa Bel.)-1535|103581.0|
|Bursa(Nilüfer/Nilüfer Bel.)-1530|561730.0|
|Bursa(Orhaneli/Orhaneli Bel.)-1534|19069.0|
|Bursa(Orhangazi/Orhangazi Bel.)-1533|82111.0|
|Bursa(Osmangazi/Osmangazi Bel.)-1546|885441.0|
|Bursa(Yenişehir/Yenişehir Bel.)-1532|55606.0|
|Bursa(Yıldırım/Yıldırım Bel.)-1545|654998.0|
|Çanakkale(Ayvacık/Ayvacık Bel.)-1595|10575.0|
|Çanakkale(Ayvacık/Küçükkuyu Bel.)-1612|10769.0|
|Çanakkale(Bayramiç/Bayramiç Bel.)-1585|15873.0|
|Çanakkale(Biga/Biga Bel.)-1584|60500.0|
|Çanakkale(Biga/Gümüşçay Bel.)-1608|2065.0|
|Çanakkale(Biga/Karabiga Bel.)-1607|3160.0|
|Çanakkale(Bozcaada/Bozcaada Bel.)-1593|3363.0|
|Çanakkale(Çan/Çan Bel.)-1592|30568.0|
|Çanakkale(Çan/Terzialan Bel.)-1606|1762.0|
|Çanakkale(Eceabat/Eceabat Bel.)-1588|5869.0|
|Çanakkale(Ezine/Ezine Bel.)-1586|15566.0|
|Çanakkale(Ezine/Geyikli Bel.)-1605|3998.0|
|Çanakkale(Gelibolu/Evreşe Bel.)-1599|2078.0|
|Çanakkale(Gelibolu/Gelibolu Bel.)-1589|32559.0|
|Çanakkale(Gelibolu/Kavakköy Bel.)-1598|1192.0|
|Çanakkale(Gökçeada/Gökçeada Bel.)-1591|8026.0|
|Çanakkale(Lapseki/Çardak Bel.)-1600|4198.0|
|Çanakkale(Lapseki/Lapseki Bel.)-1590|16504.0|
|Çanakkale(Lapseki/Umurbey Bel.)-1601|2350.0|
|Çanakkale(Merkez/Çanakkale Bel.)-1594|145194.0|
|Çanakkale(Merkez/Kepez Bel.)-1617|36787.0|
|Çanakkale(Yenice/Kalkım Bel.)-1603|2425.0|
|Çanakkale(Yenice/Pazarköy Bel.)-1616|1317.0|
|Çanakkale(Yenice/Yenice Bel.)-1587|8070.0|
|Çankırı(Atkaracalar/Atkaracalar Bel.)-1621|2096.0|
|Çankırı(Atkaracalar/Çardaklı Bel.)-1646|2208.0|
|Çankırı(Bayramören/Bayramören Bel.)-1624|524.0|
|Çankırı(Çerkeş/Çerkeş Bel.)-1622|9802.0|
|Çankırı(Çerkeş/Saçak Bel.)-1645|2544.0|
|Çankırı(Eldivan/Eldivan Bel.)-1619|3307.0|
|Çankırı(Ilgaz/Ilgaz Bel.)-1618|7848.0|
|Çankırı(Kızılırmak/Kızılırmak Bel.)-1627|2202.0|
|Çankırı(Korgun/Korgun Bel.)-1626|2415.0|
|Çankırı(Kurşunlu/Kurşunlu Bel.)-1625|6594.0|
|Çankırı(Merkez/Çankırı Bel.)-1628|89142.0|
|Çankırı(Orta/Dodurga Bel.)-1638|2225.0|
|Çankırı(Orta/Kalfat Bel.)-1636|2289.0|
|Çankırı(Orta/Orta Bel.)-1623|3527.0|
|Çankırı(Orta/Yaylakent Bel.)-1631|2634.0|
|Çankırı(Şabanözü/Şabanözü Bel.)-1629|9494.0|
|Çankırı(Yapraklı/Yapraklı Bel.)-1620|1676.0|
|Çorum(Alaca/Alaca Bel.)-1650|19053.0|
|Çorum(Bayat/Bayat Bel.)-1655|5433.0|
|Çorum(Boğazkale/Boğazkale Bel.)-1651|2113.0|
|Çorum(Dodurga/Dodurga Bel.)-1659|2507.0|
|Çorum(İskilip/İskilip Bel.)-1656|17193.0|
|Çorum(Kargı/Kargı Bel.)-1654|5460.0|
|Çorum(Laçin/Laçin Bel.)-1652|1400.0|
|Çorum(Mecitözü/Mecitözü Bel.)-1649|3955.0|
|Çorum(Merkez/Çorum Bel.)-1658|266517.0|
|Çorum(Merkez/Düvenci Bel.)-1686|1610.0|
|Çorum(Oğuzlar/Oğuzlar Bel.)-1661|2690.0|
|Çorum(Ortaköy/Aştavul Bel.)-1663|2045.0|
|Çorum(Ortaköy/Ortaköy Bel.)-1660|2249.0|
|Çorum(Osmancık/Osmancık Bel.)-1657|30238.0|
|Çorum(Sungurlu/Sungurlu Bel.)-1662|33373.0|
|Çorum(Uğurludağ/Uğurludağ Bel.)-1653|3011.0|
|Denizli(Acıpayam/Acıpayam Bel.)-1694|54994.0|
|Denizli(Babadağ/Babadağ Bel.)-1696|6303.0|
|Denizli(Baklan/Baklan Bel.)-1697|5351.0|
|Denizli(Bekilli/Bekilli Bel.)-1698|6416.0|
|Denizli(Beyağaç/Beyağaç Bel.)-1699|6148.0|
|Denizli(Bozkurt/Bozkurt Bel.)-1700|11130.0|
|Denizli(Buldan/Buldan Bel.)-1701|26456.0|
|Denizli(Çal/Çal Bel.)-1702|17546.0|
|Denizli(Çameli/Çameli Bel.)-1703|17492.0|
|Denizli(Çardak/Çardak Bel.)-1704|8558.0|
|Denizli(Çivril/Çivril Bel.)-1688|59680.0|
|Denizli(Güney/Güney Bel.)-1687|9280.0|
|Denizli(Honaz/Honaz Bel.)-1705|34835.0|
|Denizli(Kale/Kale Bel.)-1689|19154.0|
|Denizli(Merkezefendi/Merkezefendi Bel.)-52401|345933.0|
|Denizli(Pamukkale/Pamukkale Bel.)-1695|345850.0|
|Denizli(Sarayköy/Sarayköy Bel.)-1690|31063.0|
|Denizli(Serinhisar/Serinhisar Bel.)-1691|14591.0|
|Denizli(Tavas/Tavas Bel.)-1692|40591.0|
|Diyarbakır(Bağlar/Bağlar Bel.)-1814|397661.0|
|Diyarbakır(Bismil/Bismil Bel.)-1794|120093.0|
|Diyarbakır(Çermik/Çermik Bel.)-1792|49607.0|
|Diyarbakır(Çınar/Çınar Bel.)-1799|78788.0|
|Diyarbakır(Çüngüş/Çüngüş Bel.)-1798|10463.0|
|Diyarbakır(Dicle/Dicle Bel.)-1793|36758.0|
|Diyarbakır(Eğil/Eğil Bel.)-1796|22346.0|
|Diyarbakır(Ergani/Ergani Bel.)-1795|139223.0|
|Diyarbakır(Hani/Hani Bel.)-1800|32604.0|
|Diyarbakır(Hazro/Hazro Bel.)-1790|16411.0|
|Diyarbakır(Kayapınar/Kayapınar Bel.)-1815|440886.0|
|Diyarbakır(Kocaköy/Kocaköy Bel.)-1789|15323.0|
|Diyarbakır(Kulp/Kulp Bel.)-1788|35264.0|
|Diyarbakır(Lice/Lice Bel.)-1797|24959.0|
|Diyarbakır(Silvan/Silvan Bel.)-1791|86905.0|
|Diyarbakır(Sur/Sur Bel.)-1813|97823.0|
|Diyarbakır(Yenişehir/Yenişehir Bel.)-1816|228570.0|
|Düzce(Akçakoca/Akçakoca Bel.)-4143|28162.0|
|Düzce(Çilimli/Çilimli Bel.)-4145|10104.0|
|Düzce(Cumayeri/Cumayeri Bel.)-4140|11173.0|
|Düzce(Gölyaka/Gölyaka Bel.)-4146|11717.0|
|Düzce(Gümüşova/Gümüşova Bel.)-4142|9664.0|
|Düzce(Kaynaşlı/Kaynaşlı Bel.)-4141|10344.0|
|Düzce(Merkez/Beyköy Bel.)-4149|6387.0|
|Düzce(Merkez/Boğaziçi Bel.)-4147|3906.0|
|Düzce(Merkez/Düzce Bel.)-4139|203452.0|
|Düzce(Yığılca/Yığılca Bel.)-4144|3041.0|
|Edirne(Enez/Enez Bel.)-1820|4435.0|
|Edirne(Havsa/Havsa Bel.)-1825|8792.0|
|Edirne(İpsala/Esetçe Bel.)-1843|2124.0|
|Edirne(İpsala/İpsala Bel.)-1824|8518.0|
|Edirne(İpsala/Yenikarpuzlu Bel.)-1841|2979.0|
|Edirne(Keşan/Beğendik Bel.)-1837|3209.0|
|Edirne(Keşan/Keşan Bel.)-1819|65839.0|
|Edirne(Keşan/Yenimuhacir Bel.)-1835|1932.0|
|Edirne(Lalapaşa/Lalapaşa Bel.)-1823|1679.0|
|Edirne(Meriç/Küplü Bel.)-1830|2123.0|
|Edirne(Meriç/Meriç Bel.)-1826|2804.0|
|Edirne(Meriç/Subaşı Bel.)-1831|1871.0|
|Edirne(Merkez/Edirne Bel.)-1821|187046.0|
|Edirne(Süloğlu/Süloğlu Bel.)-1827|3008.0|
|Edirne(Uzunköprü/Kırcasalih Bel.)-1834|2481.0|
|Edirne(Uzunköprü/Uzunköprü Bel.)-1822|40047.0|
|Elazığ(Ağın/Ağın Bel.)-1846|1634.0|
|Elazığ(Alacakaya/Alacakaya Bel.)-1854|2557.0|
|Elazığ(Arıcak/Arıcak Bel.)-1851|3410.0|
|Elazığ(Arıcak/Bükardı Bel.)-1864|1864.0|
|Elazığ(Arıcak/Erimli Bel.)-1863|2483.0|
|Elazığ(Arıcak/Üçocak Bel.)-1862|2370.0|
|Elazığ(Baskil/Baskil Bel.)-1845|5309.0|
|Elazığ(Karakoçan/Karakoçan Bel.)-1850|15852.0|
|Elazığ(Karakoçan/Sarıcan Bel.)-1861|1996.0|
|Elazığ(Keban/Keban Bel.)-1853|4100.0|
|Elazığ(Kovancılar/Kovancılar Bel.)-1852|25617.0|
|Elazığ(Maden/Maden Bel.)-1849|3416.0|
|Elazığ(Merkez/Akçakiraz Bel.)-1870|8796.0|
|Elazığ(Merkez/Elazığ Bel.)-1848|400818.0|
|Elazığ(Merkez/Mollakendi Bel.)-1865|2649.0|
|Elazığ(Merkez/Yazıkonak Bel.)-1869|10218.0|
|Elazığ(Merkez/Yurtbaşı Bel.)-1868|7696.0|
|Elazığ(Palu/Beyhan Bel.)-1858|1839.0|
|Elazığ(Palu/Palu Bel.)-1847|9800.0|
|Elazığ(Sivrice/Sivrice Bel.)-1855|3949.0|
|Erzincan(Çayırlı/Çayırlı Bel.)-1879|4243.0|
|Erzincan(İliç/İliç Bel.)-1874|5265.0|
|Erzincan(Kemah/Kemah Bel.)-1872|2248.0|
|Erzincan(Kemaliye/Kemaliye Bel.)-1871|2296.0|
|Erzincan(Merkez/Çağlayan Bel.)-1882|1855.0|
|Erzincan(Merkez/Erzincan Bel.)-1876|148951.0|
|Erzincan(Merkez/Mollaköy Bel.)-1892|2087.0|
|Erzincan(Otlukbeli/Otlukbeli Bel.)-1875|1585.0|
|Erzincan(Refahiye/Refahiye Bel.)-1878|3936.0|
|Erzincan(Tercan/Çadırkaya Bel.)-1886|2084.0|
|Erzincan(Tercan/Kargın Bel.)-1885|2107.0|
|Erzincan(Tercan/Mercan Bel.)-1887|2091.0|
|Erzincan(Tercan/Tercan Bel.)-1877|5247.0|
|Erzincan(Üzümlü/Altınbaşak Bel.)-1888|2053.0|
|Erzincan(Üzümlü/Üzümlü Bel.)-1873|8684.0|
|Erzurum(Aşkale/Aşkale Bel.)-1914|20700.0|
|Erzurum(Aziziye/Aziziye Bel.)-1905|70032.0|
|Erzurum(Çat/Çat Bel.)-1917|14641.0|
|Erzurum(Hınıs/Hınıs Bel.)-1901|23707.0|
|Erzurum(Horasan/Horasan Bel.)-1908|35642.0|
|Erzurum(İspir/İspir Bel.)-1902|14765.0|
|Erzurum(Karaçoban/Karaçoban Bel.)-1913|20733.0|
|Erzurum(Karayazı/Karayazı Bel.)-1915|23376.0|
|Erzurum(Köprüköy/Köprüköy Bel.)-1916|13393.0|
|Erzurum(Narman/Narman Bel.)-1912|11536.0|
|Erzurum(Oltu/Oltu Bel.)-1911|30374.0|
|Erzurum(Olur/Olur Bel.)-1910|6220.0|
|Erzurum(Palandöken/Palandöken Bel.)-1937|179286.0|
|Erzurum(Pasinler/Pasinler Bel.)-1909|26041.0|
|Erzurum(Pazaryolu/Pazaryolu Bel.)-1907|3786.0|
|Erzurum(Şenkaya/Şenkaya Bel.)-1906|15412.0|
|Erzurum(Tekman/Tekman Bel.)-1904|21682.0|
|Erzurum(Tortum/Tortum Bel.)-1903|14787.0|
|Erzurum(Uzundere/Uzundere Bel.)-1918|7664.0|
|Erzurum(Yakutiye/Yakutiye Bel.)-1934|191228.0|
|Eskişehir(Alpu/Alpu Bel.)-1949|10072.0|
|Eskişehir(Beylikova/Beylikova Bel.)-1951|5723.0|
|Eskişehir(Çifteler/Çifteler Bel.)-1946|14814.0|
|Eskişehir(Günyüzü/Günyüzü Bel.)-1947|5261.0|
|Eskişehir(Han/Han Bel.)-1950|2164.0|
|Eskişehir(İnönü/İnönü Bel.)-1945|6194.0|
|Eskişehir(Mahmudiye/Mahmudiye Bel.)-1952|7524.0|
|Eskişehir(Mihalgazi/Mihalgazi Bel.)-1944|2934.0|
|Eskişehir(Mihalıççık/Mihalıççık Bel.)-1942|7959.0|
|Eskişehir(Odunpazarı/Odunpazarı Bel.)-1968|426581.0|
|Eskişehir(Sarıcakaya/Sarıcakaya Bel.)-1943|4534.0|
|Eskişehir(Seyitgazi/Seyitgazi Bel.)-1948|12878.0|
|Eskişehir(Sivrihisar/Sivrihisar Bel.)-1941|20258.0|
|Eskişehir(Tepebaşı/Tepebaşı Bel.)-1970|394734.0|
|Gaziantep(Araban/Araban Bel.)-1978|32832.0|
|Gaziantep(İslahiye/İslahiye Bel.)-1975|65208.0|
|Gaziantep(Karkamış/Karkamış Bel.)-1977|9512.0|
|Gaziantep(Nizip/Nizip Bel.)-1976|151246.0|
|Gaziantep(Nurdağı/Nurdağı Bel.)-1980|38701.0|
|Gaziantep(Oğuzeli/Oğuzeli Bel.)-1973|37027.0|
|Gaziantep(Şahinbey/Şahinbey Bel.)-1979|946812.0|
|Gaziantep(Şehitkamil/Şehitkamil Bel.)-1981|888696.0|
|Gaziantep(Yavuzeli/Yavuzeli Bel.)-1974|23329.0|
|Giresun(Alucra/Alucra Bel.)-2008|4249.0|
|Giresun(Bulancak/Aydındere Bel.)-2027|2267.0|
|Giresun(Bulancak/Bulancak Bel.)-2013|50112.0|
|Giresun(Bulancak/Kovanlık Bel.)-2028|2703.0|
|Giresun(Çamoluk/Çamoluk Bel.)-2001|2893.0|
|Giresun(Çanakçı/Çanakçı Bel.)-2011|1749.0|
|Giresun(Dereli/Dereli Bel.)-2009|7122.0|
|Giresun(Dereli/Yavuzkemal Bel.)-2024|2781.0|
|Giresun(Doğankent/Doğankent Bel.)-2005|4487.0|
|Giresun(Espiye/Espiye Bel.)-2003|26371.0|
|Giresun(Espiye/Soğukpınar Bel.)-2023|2915.0|
|Giresun(Eynesil/Eynesil Bel.)-2014|7268.0|
|Giresun(Eynesil/Ören Bel.)-2022|2281.0|
|Giresun(Görele/Çavuşlu Bel.)-2020|2414.0|
|Giresun(Görele/Görele Bel.)-2012|17781.0|
|Giresun(Güce/Güce Bel.)-2007|4957.0|
|Giresun(Keşap/Keşap Bel.)-2006|9617.0|
|Giresun(Merkez/Duroğlu Bel.)-2029|2940.0|
|Giresun(Merkez/Giresun Bel.)-2010|124058.0|
|Giresun(Piraziz/Piraziz Bel.)-2004|8204.0|
|Giresun(Şebinkarahisar/Şebinkarahisar Bel.)-2002|10593.0|
|Giresun(Tirebolu/Tirebolu Bel.)-2015|19819.0|
|Giresun(Yağlıdere/Üçtepe Bel.)-2031|2242.0|
|Giresun(Yağlıdere/Yağlıdere Bel.)-2000|6445.0|
|Gümüşhane(Kelkit/Deredolu Bel.)-2047|2429.0|
|Gümüşhane(Kelkit/Gümüşgöze Bel.)-2046|2286.0|
|Gümüşhane(Kelkit/Kelkit Bel.)-2036|20172.0|
|Gümüşhane(Kelkit/Öbektaş Bel.)-2044|2519.0|
|Gümüşhane(Kelkit/Söğütlü Bel.)-2039|2376.0|
|Gümüşhane(Kelkit/Ünlüpınar Bel.)-2040|2501.0|
|Gümüşhane(Köse/Köse Bel.)-2034|3905.0|
|Gümüşhane(Kürtün/Kürtün Bel.)-2037|5433.0|
|Gümüşhane(Kürtün/Özkürtün Bel.)-2042|2298.0|
|Gümüşhane(Merkez/Arzularkabaköy Bel.)-2048|6082.0|
|Gümüşhane(Merkez/Gümüşhane Bel.)-2038|37604.0|
|Gümüşhane(Merkez/Tekke Bel.)-2050|2712.0|
|Gümüşhane(Şiran/Şiran Bel.)-2035|11732.0|
|Gümüşhane(Şiran/Yeşilbük Bel.)-2043|2221.0|
|Gümüşhane(Torul/Torul Bel.)-2033|5271.0|
|Hakkari(Çukurca/Çukurca Bel.)-2054|8663.0|
|Hakkari(Derecik/Derecik Bel.)-10|12787.0|
|Hakkari(Merkez/Durankaya Bel.)-2058|2927.0|
|Hakkari(Merkez/Hakkari Bel.)-2051|59729.0|
|Hakkari(Şemdinli/Şemdinli Bel.)-2052|17533.0|
|Hakkari(Yüksekova/Büyükçiftlik Bel.)-2057|3475.0|
|Hakkari(Yüksekova/Esendere Bel.)-2056|3653.0|
|Hakkari(Yüksekova/Yüksekova Bel.)-2053|87057.0|
|Hatay(Altınözü/Altınözü Bel.)-2060|68500.0|
|Hatay(Antakya/Antakya Bel.)-52389|299586.0|
|Hatay(Arsuz/Arsuz Bel.)-2113|109550.0|
|Hatay(Belen/Belen Bel.)-2061|35755.0|
|Hatay(Defne/Defne Bel.)-52393|140950.0|
|Hatay(Dörtyol/Dörtyol Bel.)-2062|131528.0|
|Hatay(Erzin/Erzin Bel.)-2063|42420.0|
|Hatay(Hassa/Hassa Bel.)-2070|56541.0|
|Hatay(İskenderun/İskenderun Bel.)-2065|231926.0|
|Hatay(Kırıkhan/Kırıkhan Bel.)-2066|107103.0|
|Hatay(Kumlu/Kumlu Bel.)-2067|15155.0|
|Hatay(Payas/Payas Bel.)-2100|44073.0|
|Hatay(Reyhanlı/Reyhanlı Bel.)-2068|115566.0|
|Hatay(Samandağ/Samandağ Bel.)-2069|121660.0|
|Hatay(Yayladağı/Yayladağı Bel.)-2064|41872.0|
|Iğdır(Aralık/Aralık Bel.)-4089|5595.0|
|Iğdır(Karakoyunlu/Karakoyunlu Bel.)-4088|2432.0|
|Iğdır(Merkez/Halfeli Bel.)-4093|8239.0|
|Iğdır(Merkez/Hoşhaber Bel.)-4092|2776.0|
|Iğdır(Merkez/Iğdır Bel.)-4087|104222.0|
|Iğdır(Merkez/Melekli Bel.)-4094|3420.0|
|Iğdır(Tuzluca/Tuzluca Bel.)-4090|9733.0|
|Isparta(Aksu/Aksu Bel.)-2141|2019.0|
|Isparta(Atabey/Atabey Bel.)-2142|4741.0|
|Isparta(Eğirdir/Eğirdir Bel.)-2138|16364.0|
|Isparta(Eğirdir/Sarıidris Bel.)-2178|2242.0|
|Isparta(Gelendost/Gelendost Bel.)-2139|5233.0|
|Isparta(Gönen/Gönen Bel.)-2146|3244.0|
|Isparta(Gönen/Güneykent Bel.)-2174|1829.0|
|Isparta(Keçiborlu/Keçiborlu Bel.)-2143|7109.0|
|Isparta(Keçiborlu/Senir Bel.)-2148|2299.0|
|Isparta(Merkez/Isparta Bel.)-2145|250544.0|
|Isparta(Merkez/Kuleönü Bel.)-2184|2670.0|
|Isparta(Merkez/Sav Bel.)-2183|3830.0|
|Isparta(Şarkikaraağaç/Çarıksaraylar Bel.)-2156|2633.0|
|Isparta(Şarkikaraağaç/Çiçekpınar Bel.)-2157|1961.0|
|Isparta(Şarkikaraağaç/Şarkikaraağaç Bel.)-2140|10362.0|
|Isparta(Senirkent/Büyükkabaca Bel.)-2150|3622.0|
|Isparta(Senirkent/Senirkent Bel.)-2137|4397.0|
|Isparta(Sütçüler/Sütçüler Bel.)-2144|2122.0|
|Isparta(Uluborlu/Uluborlu Bel.)-2136|5417.0|
|Isparta(Yalvaç/Hüyüklü Bel.)-2159|1729.0|
|Isparta(Yalvaç/Yalvaç Bel.)-2135|22264.0|
|Isparta(Yenişarbademli/Yenişarbademli Bel.)-2147|1955.0|
|İstanbul(Adalar/Adalar Bel.)-2258|16979.0|
|İstanbul(Arnavutköy/Arnavutköy Bel.)-2298|344868.0|
|İstanbul(Ataşehir/Ataşehir Bel.)-4507|414866.0|
|İstanbul(Avcılar/Avcılar Bel.)-2259|440934.0|
|İstanbul(Bağcılar/Bağcılar Bel.)-2260|713594.0|
|İstanbul(Bahçelievler/Bahçelievler Bel.)-2261|560086.0|
|İstanbul(Bakırköy/Bakırköy Bel.)-2262|219893.0|
|İstanbul(Başakşehir/Başakşehir Bel.)-4508|520467.0|
|İstanbul(Bayrampaşa/Bayrampaşa Bel.)-2263|268303.0|
|İstanbul(Beşiktaş/Beşiktaş Bel.)-2264|167264.0|
|İstanbul(Beykoz/Beykoz Bel.)-2265|245440.0|
|İstanbul(Beylikdüzü/Beylikdüzü Bel.)-2316|415290.0|
|İstanbul(Beyoğlu/Beyoğlu Bel.)-2266|216688.0|
|İstanbul(Büyükçekmece/Büyükçekmece Bel.)-2285|280528.0|
|İstanbul(Çatalca/Çatalca Bel.)-2286|80399.0|
|İstanbul(Çekmeköy/Çekmeköy Bel.)-2308|306739.0|
|İstanbul(Esenler/Esenler Bel.)-2268|423625.0|
|İstanbul(Esenyurt/Esenyurt Bel.)-2313|988369.0|
|İstanbul(Eyüpsultan/Eyüpsultan Bel.)-2269|420706.0|
|İstanbul(Fatih/Fatih Bel.)-2270|354472.0|
|İstanbul(Gaziosmanpaşa/Gaziosmanpaşa Bel.)-2271|479931.0|
|İstanbul(Güngören/Güngören Bel.)-2272|264831.0|
|İstanbul(Kadıköy/Kadıköy Bel.)-2273|462189.0|
|İstanbul(Kağıthane/Kağıthane Bel.)-2274|444820.0|
|İstanbul(Kartal/Kartal Bel.)-2275|475859.0|
|İstanbul(Küçükçekmece/Küçükçekmece Bel.)-2276|789033.0|
|İstanbul(Maltepe/Maltepe Bel.)-2277|524921.0|
|İstanbul(Pendik/Pendik Bel.)-2278|749356.0|
|İstanbul(Sancaktepe/Sancaktepe Bel.)-4509|502077.0|
|İstanbul(Sarıyer/Sarıyer Bel.)-2279|342582.0|
|İstanbul(Şile/Şile Bel.)-2288|48936.0|
|İstanbul(Silivri/Silivri Bel.)-2257|232156.0|
|İstanbul(Şişli/Şişli Bel.)-2280|263063.0|
|İstanbul(Sultanbeyli/Sultanbeyli Bel.)-2287|369193.0|
|İstanbul(Sultangazi/Sultangazi Bel.)-4510|532601.0|
|İstanbul(Tuzla/Tuzla Bel.)-2281|301400.0|
|İstanbul(Ümraniye/Ümraniye Bel.)-2282|727819.0|
|İstanbul(Üsküdar/Üsküdar Bel.)-2283|512981.0|
|İstanbul(Zeytinburnu/Zeytinburnu Bel.)-2284|278344.0|
|İzmir(Aliağa/Aliağa Bel.)-2344|108701.0|
|İzmir(Balçova/Balçova Bel.)-2335|76613.0|
|İzmir(Bayındır/Bayındır Bel.)-2345|40054.0|
|İzmir(Bayraklı/Bayraklı Bel.)-4511|299859.0|
|İzmir(Bergama/Bergama Bel.)-2346|107347.0|
|İzmir(Beydağ/Beydağ Bel.)-2347|11959.0|
|İzmir(Bornova/Bornova Bel.)-2336|448737.0|
|İzmir(Buca/Buca Bel.)-2337|523193.0|
|İzmir(Çeşme/Çeşme Bel.)-2348|50828.0|
|İzmir(Çiğli/Çiğli Bel.)-2338|215697.0|
|İzmir(Dikili/Dikili Bel.)-2349|48647.0|
|İzmir(Foça/Foça Bel.)-2350|36688.0|
|İzmir(Gaziemir/Gaziemir Bel.)-2339|136930.0|
|İzmir(Güzelbahçe/Güzelbahçe Bel.)-2340|38500.0|
|İzmir(Karabağlar/Karabağlar Bel.)-4512|473058.0|
|İzmir(Karaburun/Karaburun Bel.)-2351|13473.0|
|İzmir(Karşıyaka/Karşıyaka Bel.)-2341|341580.0|
|İzmir(Kemalpaşa/Kemalpaşa Bel.)-2352|120375.0|
|İzmir(Kınık/Kınık Bel.)-2353|28859.0|
|İzmir(Kiraz/Kiraz Bel.)-2354|43401.0|
|İzmir(Konak/Konak Bel.)-2342|322393.0|
|İzmir(Menderes/Menderes Bel.)-2355|111453.0|
|İzmir(Menemen/Menemen Bel.)-2356|214409.0|
|İzmir(Narlıdere/Narlıdere Bel.)-2343|61732.0|
|İzmir(Ödemiş/Ödemiş Bel.)-2331|132942.0|
|İzmir(Seferihisar/Seferihisar Bel.)-2357|60914.0|
|İzmir(Selçuk/Selçuk Bel.)-2358|38688.0|
|İzmir(Tire/Tire Bel.)-2332|87858.0|
|İzmir(Torbalı/Torbalı Bel.)-2333|218744.0|
|İzmir(Urla/Urla Bel.)-2334|79610.0|
|Kahramanmaraş(Afşin/Afşin Bel.)-3045|78836.0|
|Kahramanmaraş(Andırın/Andırın Bel.)-3043|32059.0|
|Kahramanmaraş(Çağlayancerit/Çağlayancerit Bel.)-3044|22498.0|
|Kahramanmaraş(Dulkadiroğlu/Dulkadiroğlu Bel.)-52467|217530.0|
|Kahramanmaraş(Ekinözü/Ekinözü Bel.)-3038|10047.0|
|Kahramanmaraş(Elbistan/Elbistan Bel.)-3042|130246.0|
|Kahramanmaraş(Göksun/Göksun Bel.)-3047|49576.0|
|Kahramanmaraş(Nurhak/Nurhak Bel.)-3040|11824.0|
|Kahramanmaraş(Onikişubat/Onikişubat Bel.)-52471|436385.0|
|Kahramanmaraş(Pazarcık/Pazarcık Bel.)-3046|67057.0|
|Kahramanmaraş(Türkoğlu/Türkoğlu Bel.)-3041|78047.0|
|Karabük(Eflani/Eflani Bel.)-4111|2105.0|
|Karabük(Eskipazar/Eskipazar Bel.)-4112|6202.0|
|Karabük(Merkez/Karabük Bel.)-4110|121846.0|
|Karabük(Ovacık/Ovacık Bel.)-4113|632.0|
|Karabük(Safranbolu/Safranbolu Bel.)-4115|52140.0|
|Karabük(Yenice/Yenice Bel.)-4114|9289.0|
|Karabük(Yenice/Yortan Bel.)-4117|1514.0|
|Karaman(Ayrancı/Ayrancı Bel.)-3996|2328.0|
|Karaman(Başyayla/Başyayla Bel.)-3999|1848.0|
|Karaman(Ermenek/Ermenek Bel.)-3998|11828.0|
|Karaman(Ermenek/Güneyyurt Bel.)-4001|5046.0|
|Karaman(Ermenek/Kazancı Bel.)-4002|2252.0|
|Karaman(Kazımkarabekir/Kazımkarabekir Bel.)-3995|3624.0|
|Karaman(Merkez/Akçaşehir Bel.)-4009|2460.0|
|Karaman(Merkez/Karaman Bel.)-3997|176200.0|
|Karaman(Merkez/Sudurağı Bel.)-4007|2467.0|
|Karaman(Sarıveliler/Göktepe Bel.)-4008|3062.0|
|Karaman(Sarıveliler/Sarıveliler Bel.)-3994|5340.0|
|Kars(Akyaka/Akyaka Bel.)-2420|2101.0|
|Kars(Arpaçay/Arpaçay Bel.)-2421|2319.0|
|Kars(Digor/Dağpınar Bel.)-2427|3035.0|
|Kars(Digor/Digor Bel.)-2422|2408.0|
|Kars(Kağızman/Kağızman Bel.)-2425|21381.0|
|Kars(Merkez/Kars Bel.)-2419|95984.0|
|Kars(Sarıkamış/Sarıkamış Bel.)-2426|15337.0|
|Kars(Selim/Selim Bel.)-2423|5796.0|
|Kars(Susuz/Susuz Bel.)-2424|1999.0|
|Kastamonu(Abana/Abana Bel.)-2430|3655.0|
|Kastamonu(Ağlı/Ağlı Bel.)-2431|2323.0|
|Kastamonu(Araç/Araç Bel.)-2432|6793.0|
|Kastamonu(Azdavay/Azdavay Bel.)-2433|2968.0|
|Kastamonu(Bozkurt/Bozkurt Bel.)-2434|5291.0|
|Kastamonu(Çatalzeytin/Çatalzeytin Bel.)-2436|3548.0|
|Kastamonu(Cide/Cide Bel.)-2435|11464.0|
|Kastamonu(Daday/Daday Bel.)-2437|2637.0|
|Kastamonu(Devrekani/Devrekani Bel.)-2438|5183.0|
|Kastamonu(Doğanyurt/Doğanyurt Bel.)-2439|1047.0|
|Kastamonu(Hanönü/Hanönü Bel.)-2440|2135.0|
|Kastamonu(İhsangazi/İhsangazi Bel.)-2441|2744.0|
|Kastamonu(İnebolu/İnebolu Bel.)-2442|9839.0|
|Kastamonu(Küre/Küre Bel.)-2443|2320.0|
|Kastamonu(Merkez/Kastamonu Bel.)-2429|129865.0|
|Kastamonu(Pınarbaşı/Pınarbaşı Bel.)-2444|2414.0|
|Kastamonu(Şenpazar/Şenpazar Bel.)-2446|1649.0|
|Kastamonu(Seydiler/Seydiler Bel.)-2445|3153.0|
|Kastamonu(Taşköprü/Taşköprü Bel.)-2447|16696.0|
|Kastamonu(Tosya/Tosya Bel.)-2448|28702.0|
|Kayseri(Akkışla/Akkışla Bel.)-2455|5738.0|
|Kayseri(Bünyan/Bünyan Bel.)-2456|30486.0|
|Kayseri(Develi/Develi Bel.)-2457|67676.0|
|Kayseri(Felahiye/Felahiye Bel.)-2458|5781.0|
|Kayseri(Hacılar/Hacılar Bel.)-2459|13270.0|
|Kayseri(İncesu/İncesu Bel.)-2460|30181.0|
|Kayseri(Kocasinan/Kocasinan Bel.)-2453|416124.0|
|Kayseri(Melikgazi/Melikgazi Bel.)-2454|589989.0|
|Kayseri(Özvatan/Özvatan Bel.)-2461|4067.0|
|Kayseri(Pınarbaşı/Pınarbaşı Bel.)-2462|21567.0|
|Kayseri(Sarıoğlan/Sarıoğlan Bel.)-2463|13943.0|
|Kayseri(Sarız/Sarız Bel.)-2464|9853.0|
|Kayseri(Talas/Talas Bel.)-2465|171689.0|
|Kayseri(Tomarza/Tomarza Bel.)-2466|20832.0|
|Kayseri(Yahyalı/Yahyalı Bel.)-2451|35588.0|
|Kayseri(Yeşilhisar/Yeşilhisar Bel.)-2452|15674.0|
|Kilis(Elbeyli/Elbeyli Bel.)-4119|1963.0|
|Kilis(Merkez/Kilis Bel.)-4118|119193.0|
|Kilis(Musabeyli/Musabeyli Bel.)-4121|1222.0|
|Kilis(Polateli/Polateli Bel.)-4120|1225.0|
|Kırıkkale(Bahşılı/Bahşılı Bel.)-4013|6187.0|
|Kırıkkale(Balışeyh/Balışeyh Bel.)-4015|2117.0|
|Kırıkkale(Çelebi/Çelebi Bel.)-4017|1018.0|
|Kırıkkale(Delice/Çerikli Bel.)-4020|2360.0|
|Kırıkkale(Delice/Delice Bel.)-4016|3711.0|
|Kırıkkale(Karakeçili/Karakeçili Bel.)-4010|2806.0|
|Kırıkkale(Keskin/Keskin Bel.)-4014|9279.0|
|Kırıkkale(Merkez/Hacılar Bel.)-4032|3331.0|
|Kırıkkale(Merkez/Kırıkkale Bel.)-4012|185336.0|
|Kırıkkale(Sulakyurt/Sulakyurt Bel.)-4018|2161.0|
|Kırıkkale(Yahşihan/Yahşihan Bel.)-4011|36070.0|
|Kırklareli(Babaeski/Alpullu Bel.)-2539|2118.0|
|Kırklareli(Babaeski/Babaeski Bel.)-2522|29145.0|
|Kırklareli(Babaeski/Büyükmandıra Bel.)-2538|3314.0|
|Kırklareli(Babaeski/Karahalil Bel.)-2536|1391.0|
|Kırklareli(Demirköy/Demirköy Bel.)-2521|3434.0|
|Kırklareli(Demirköy/İğneada Bel.)-2535|2660.0|
|Kırklareli(Kofçaz/Kofçaz Bel.)-2518|672.0|
|Kırklareli(Lüleburgaz/Ahmetbey Bel.)-2529|3596.0|
|Kırklareli(Lüleburgaz/Büyükkarıştıran Bel.)-2528|6648.0|
|Kırklareli(Lüleburgaz/Evrensekiz Bel.)-2530|3035.0|
|Kırklareli(Lüleburgaz/Lüleburgaz Bel.)-2525|127689.0|
|Kırklareli(Merkez/İnece Bel.)-2541|1579.0|
|Kırklareli(Merkez/Kavaklı Bel.)-2543|4559.0|
|Kırklareli(Merkez/Kırklareli Bel.)-2519|91017.0|
|Kırklareli(Merkez/Üsküp Bel.)-2540|2266.0|
|Kırklareli(Pehlivanköy/Pehlivanköy Bel.)-2524|1666.0|
|Kırklareli(Pınarhisar/Kaynarca Bel.)-2531|1968.0|
|Kırklareli(Pınarhisar/Pınarhisar Bel.)-2523|10737.0|
|Kırklareli(Vize/Çakıllı Bel.)-2533|1974.0|
|Kırklareli(Vize/Kıyıköy Bel.)-2534|2249.0|
|Kırklareli(Vize/Vize Bel.)-2520|15340.0|
|Kırşehir(Akçakent/Akçakent Bel.)-2548|753.0|
|Kırşehir(Akpınar/Akpınar Bel.)-2544|2777.0|
|Kırşehir(Boztepe/Boztepe Bel.)-2545|2832.0|
|Kırşehir(Çiçekdağı/Çiçekdağı Bel.)-2550|6862.0|
|Kırşehir(Çiçekdağı/Köseli Bel.)-2555|2324.0|
|Kırşehir(Kaman/Kaman Bel.)-2547|21214.0|
|Kırşehir(Kaman/Kurancılı Bel.)-2562|1785.0|
|Kırşehir(Merkez/Kırşehir Bel.)-2549|151018.0|
|Kırşehir(Merkez/Özbağ Bel.)-2571|3328.0|
|Kırşehir(Mucur/Mucur Bel.)-2546|13123.0|
|Kocaeli(Başiskele/Başiskele Bel.)-2584|124998.0|
|Kocaeli(Çayırova/Çayırova Bel.)-2592|157503.0|
|Kocaeli(Darıca/Darıca Bel.)-2596|231442.0|
|Kocaeli(Derince/Derince Bel.)-2576|147518.0|
|Kocaeli(Dilovası/Dilovası Bel.)-2593|54664.0|
|Kocaeli(Gebze/Gebze Bel.)-2580|411800.0|
|Kocaeli(Gölcük/Gölcük Bel.)-2578|178872.0|
|Kocaeli(İzmit/İzmit Bel.)-2616|380831.0|
|Kocaeli(Kandıra/Kandıra Bel.)-2577|53394.0|
|Kocaeli(Karamürsel/Karamürsel Bel.)-2575|59504.0|
|Kocaeli(Kartepe/Kartepe Bel.)-2615|147814.0|
|Kocaeli(Körfez/Körfez Bel.)-2579|181666.0|
|Konya(Ahırlı/Ahırlı Bel.)-2644|4666.0|
|Konya(Akören/Akören Bel.)-2645|5857.0|
|Konya(Akşehir/Akşehir Bel.)-2646|93719.0|
|Konya(Altınekin/Altınekin Bel.)-2647|14593.0|
|Konya(Beyşehir/Beyşehir Bel.)-2648|79629.0|
|Konya(Bozkır/Bozkır Bel.)-2620|25199.0|
|Konya(Çeltik/Çeltik Bel.)-2633|9726.0|
|Konya(Cihanbeyli/Cihanbeyli Bel.)-2632|50021.0|
|Konya(Çumra/Çumra Bel.)-2634|68551.0|
|Konya(Derbent/Derbent Bel.)-2635|4014.0|
|Konya(Derebucak/Derebucak Bel.)-2636|5540.0|
|Konya(Doğanhisar/Doğanhisar Bel.)-2637|14445.0|
|Konya(Emirgazi/Emirgazi Bel.)-2638|7739.0|
|Konya(Ereğli/Ereğli Bel.)-2639|156253.0|
|Konya(Güneysınır/Güneysınır Bel.)-2640|9287.0|
|Konya(Hadim/Hadim Bel.)-2622|11049.0|
|Konya(Halkapınar/Halkapınar Bel.)-2623|4009.0|
|Konya(Hüyük/Hüyük Bel.)-2624|15033.0|
|Konya(Ilgın/Ilgın Bel.)-2625|53239.0|
|Konya(Kadınhanı/Kadınhanı Bel.)-2626|31494.0|
|Konya(Karapınar/Karapınar Bel.)-2627|51324.0|
|Konya(Karatay/Karatay Bel.)-2641|385432.0|
|Konya(Kulu/Kulu Bel.)-2628|51794.0|
|Konya(Meram/Meram Bel.)-2642|348071.0|
|Konya(Sarayönü/Sarayönü Bel.)-2629|28533.0|
|Konya(Selçuklu/Selçuklu Bel.)-2643|700358.0|
|Konya(Seydişehir/Seydişehir Bel.)-2630|66067.0|
|Konya(Taşkent/Taşkent Bel.)-2631|5931.0|
|Konya(Tuzlukçu/Tuzlukçu Bel.)-2649|6127.0|
|Konya(Yalıhüyük/Yalıhüyük Bel.)-2650|1678.0|
|Konya(Yunak/Yunak Bel.)-2621|20646.0|
|Kütahya(Altıntaş/Altıntaş Bel.)-2828|5140.0|
|Kütahya(Aslanapa/Aslanapa Bel.)-2829|1830.0|
|Kütahya(Çavdarhisar/Çavdarhisar Bel.)-2830|2157.0|
|Kütahya(Domaniç/Çukurca Bel.)-2852|1875.0|
|Kütahya(Domaniç/Domaniç Bel.)-2837|5036.0|
|Kütahya(Dumlupınar/Dumlupınar Bel.)-2832|1218.0|
|Kütahya(Emet/Emet Bel.)-2833|10889.0|
|Kütahya(Gediz/Eskigediz Bel.)-2862|2795.0|
|Kütahya(Gediz/Gediz Bel.)-2834|26365.0|
|Kütahya(Gediz/Gökler Bel.)-2865|1989.0|
|Kütahya(Gediz/Yenikent Bel.)-2870|2278.0|
|Kütahya(Hisarcık/Hisarcık Bel.)-2835|4803.0|
|Kütahya(Merkez/Kütahya Bel.)-2827|256952.0|
|Kütahya(Merkez/Seyitömer Bel.)-2848|1545.0|
|Kütahya(Pazarlar/Pazarlar Bel.)-2836|3083.0|
|Kütahya(Şaphane/Şaphane Bel.)-2825|2907.0|
|Kütahya(Simav/Akdağ Bel.)-2879|1869.0|
|Kütahya(Simav/Çitgöl Bel.)-2883|3459.0|
|Kütahya(Simav/Demirci Bel.)-2884|2352.0|
|Kütahya(Simav/Güney Bel.)-2885|1444.0|
|Kütahya(Simav/Kuşu Bel.)-52913|1491.0|
|Kütahya(Simav/Naşa Bel.)-2892|1734.0|
|Kütahya(Simav/Simav Bel.)-2831|29590.0|
|Kütahya(Tavşanlı/Balıköy Bel.)-2841|1465.0|
|Kütahya(Tavşanlı/Kuruçay Bel.)-2844|1799.0|
|Kütahya(Tavşanlı/Tavşanlı Bel.)-2826|74117.0|
|Kütahya(Tavşanlı/Tepecik Bel.)-2845|2568.0|
|Kütahya(Tavşanlı/Tunçbilek Bel.)-2846|4513.0|
|Malatya(Akçadağ/Akçadağ Bel.)-2906|32609.0|
|Malatya(Arapgir/Arapgir Bel.)-2903|10214.0|
|Malatya(Arguvan/Arguvan Bel.)-2901|7106.0|
|Malatya(Battalgazi/Battalgazi Bel.)-2900|276319.0|
|Malatya(Darende/Darende Bel.)-2909|25524.0|
|Malatya(Doğanşehir/Doğanşehir Bel.)-2913|35947.0|
|Malatya(Doğanyol/Doğanyol Bel.)-2907|4078.0|
|Malatya(Hekimhan/Hekimhan Bel.)-2904|18015.0|
|Malatya(Kale/Kale Bel.)-2911|6189.0|
|Malatya(Kuluncak/Kuluncak Bel.)-2910|7623.0|
|Malatya(Pütürge/Pütürge Bel.)-2908|13318.0|
|Malatya(Yazıhan/Yazıhan Bel.)-2905|14710.0|
|Malatya(Yeşilyurt/Yeşilyurt Bel.)-2902|298839.0|
|Manisa(Ahmetli/Ahmetli Bel.)-2958|17403.0|
|Manisa(Akhisar/Akhisar Bel.)-2959|180509.0|
|Manisa(Alaşehir/Alaşehir Bel.)-2960|105776.0|
|Manisa(Demirci/Demirci Bel.)-2961|35604.0|
|Manisa(Gölmarmara/Gölmarmara Bel.)-2962|15176.0|
|Manisa(Gördes/Gördes Bel.)-2963|25759.0|
|Manisa(Kırkağaç/Kırkağaç Bel.)-2964|37718.0|
|Manisa(Köprübaşı/Köprübaşı Bel.)-2965|12404.0|
|Manisa(Kula/Kula Bel.)-2966|42952.0|
|Manisa(Salihli/Salihli Bel.)-2967|165353.0|
|Manisa(Sarıgöl/Sarıgöl Bel.)-2968|35125.0|
|Manisa(Saruhanlı/Saruhanlı Bel.)-2955|57935.0|
|Manisa(Şehzadeler/Şehzadeler Bel.)-52417|166228.0|
|Manisa(Selendi/Selendi Bel.)-2954|18869.0|
|Manisa(Soma/Soma Bel.)-2969|110996.0|
|Manisa(Turgutlu/Turgutlu Bel.)-2956|178386.0|
|Manisa(Yunusemre/Yunusemre Bel.)-52421|269160.0|
|Mardin(Artuklu/Artuklu Bel.)-52447|197776.0|
|Mardin(Dargeçit/Dargeçit Bel.)-3107|27406.0|
|Mardin(Derik/Derik Bel.)-3102|62401.0|
|Mardin(Kızıltepe/Kızıltepe Bel.)-3108|275460.0|
|Mardin(Mazıdağı/Mazıdağı Bel.)-3106|37470.0|
|Mardin(Midyat/Midyat Bel.)-3109|124543.0|
|Mardin(Nusaybin/Nusaybin Bel.)-3110|119499.0|
|Mardin(Ömerli/Ömerli Bel.)-3111|14066.0|
|Mardin(Savur/Savur Bel.)-3105|24294.0|
|Mardin(Yeşilli/Yeşilli Bel.)-3103|12996.0|
|Mersin(Akdeniz/Akdeniz Bel.)-2233|256292.0|
|Mersin(Anamur/Anamur Bel.)-2194|66930.0|
|Mersin(Aydıncık/Aydıncık Bel.)-2187|11500.0|
|Mersin(Bozyazı/Bozyazı Bel.)-2188|26995.0|
|Mersin(Çamlıyayla/Çamlıyayla Bel.)-2195|8435.0|
|Mersin(Erdemli/Erdemli Bel.)-2190|155435.0|
|Mersin(Gülnar/Gülnar Bel.)-2191|40188.0|
|Mersin(Mezitli/Mezitli Bel.)-2243|225824.0|
|Mersin(Mut/Mut Bel.)-2192|63218.0|
|Mersin(Silifke/Silifke Bel.)-2193|139852.0|
|Mersin(Tarsus/Tarsus Bel.)-2189|356937.0|
|Mersin(Toroslar/Toroslar Bel.)-2255|323271.0|
|Mersin(Yenişehir/Yenişehir Bel.)-2235|279402.0|
|Muğla(Bodrum/Bodrum Bel.)-3134|203035.0|
|Muğla(Dalaman/Dalaman Bel.)-3143|51088.0|
|Muğla(Datça/Datça Bel.)-3141|25866.0|
|Muğla(Fethiye/Fethiye Bel.)-3139|182280.0|
|Muğla(Kavaklıdere/Kavaklıdere Bel.)-3138|10834.0|
|Muğla(Köyceğiz/Köyceğiz Bel.)-3144|41205.0|
|Muğla(Marmaris/Marmaris Bel.)-3133|96589.0|
|Muğla(Menteşe/Menteşe Bel.)-52569|124825.0|
|Muğla(Milas/Milas Bel.)-3136|150520.0|
|Muğla(Ortaca/Ortaca Bel.)-3142|57155.0|
|Muğla(Seydikemer/Seydikemer Bel.)-3155|65861.0|
|Muğla(Ula/Ula Bel.)-3140|27392.0|
|Muğla(Yatağan/Yatağan Bel.)-3137|45217.0|
|Muş(Bulanık/Bulanık Bel.)-3197|26257.0|
|Muş(Bulanık/Elmakaya Bel.)-3201|2337.0|
|Muş(Bulanık/Erentepe Bel.)-3204|4178.0|
|Muş(Bulanık/Rüstemgedik Bel.)-3202|1914.0|
|Muş(Bulanık/Sarıpınar Bel.)-3209|2458.0|
|Muş(Bulanık/Uzgörür Bel.)-3206|2475.0|
|Muş(Bulanık/Yoncalı Bel.)-3203|1904.0|
|Muş(Hasköy/Düzkışla Bel.)-3210|3175.0|
|Muş(Hasköy/Hasköy Bel.)-3195|16041.0|
|Muş(Korkut/Altınova Bel.)-3211|2567.0|
|Muş(Korkut/Korkut Bel.)-3199|3372.0|
|Muş(Malazgirt/Konakkuran Bel.)-3214|1318.0|
|Muş(Malazgirt/Malazgirt Bel.)-3196|18563.0|
|Muş(Merkez/Karaağaçlı Bel.)-3221|2552.0|
|Muş(Merkez/Kırköy Bel.)-3220|2141.0|
|Muş(Merkez/Kızılağaç Bel.)-3218|3775.0|
|Muş(Merkez/Konukbekler Bel.)-3200|4002.0|
|Muş(Merkez/Muş Bel.)-3198|121556.0|
|Muş(Merkez/Serinova Bel.)-3217|2097.0|
|Muş(Merkez/Sungu Bel.)-3219|7198.0|
|Muş(Merkez/Yaygın Bel.)-3215|3663.0|
|Muş(Merkez/Yeşilova Bel.)-3216|1920.0|
|Muş(Varto/Varto Bel.)-3194|10926.0|
|Nevşehir(Acıgöl/Acıgöl Bel.)-3224|6373.0|
|Nevşehir(Acıgöl/Karapınar Bel.)-3231|2961.0|
|Nevşehir(Acıgöl/Tatların Bel.)-3233|1951.0|
|Nevşehir(Avanos/Avanos Bel.)-3229|14879.0|
|Nevşehir(Avanos/Çalış Bel.)-3240|1765.0|
|Nevşehir(Avanos/Kalaba Bel.)-3241|4187.0|
|Nevşehir(Avanos/Özkonak Bel.)-3234|3209.0|
|Nevşehir(Derinkuyu/Derinkuyu Bel.)-3223|10984.0|
|Nevşehir(Derinkuyu/Yazıhüyük Bel.)-3243|3752.0|
|Nevşehir(Gülşehir/Gülşehir Bel.)-3227|12504.0|
|Nevşehir(Hacıbektaş/Hacıbektaş Bel.)-3226|5254.0|
|Nevşehir(Kozaklı/Kozaklı Bel.)-3222|7814.0|
|Nevşehir(Merkez/Çat Bel.)-3266|2021.0|
|Nevşehir(Merkez/Göre Bel.)-3264|2512.0|
|Nevşehir(Merkez/Göreme Bel.)-3263|2314.0|
|Nevşehir(Merkez/Kavak Bel.)-3262|2559.0|
|Nevşehir(Merkez/Kaymaklı Bel.)-3261|4422.0|
|Nevşehir(Merkez/Nar Bel.)-3260|5444.0|
|Nevşehir(Merkez/Nevşehir Bel.)-3228|128290.0|
|Nevşehir(Merkez/Sulusaray Bel.)-3259|1994.0|
|Nevşehir(Merkez/Uçhisar Bel.)-3258|3799.0|
|Nevşehir(Ürgüp/Başdere Bel.)-3256|1169.0|
|Nevşehir(Ürgüp/Ortahisar Bel.)-3265|3086.0|
|Nevşehir(Ürgüp/Ürgüp Bel.)-3225|26847.0|
|Niğde(Altunhisar/Altunhisar Bel.)-3268|3301.0|
|Niğde(Altunhisar/Karakapı Bel.)-3293|2867.0|
|Niğde(Altunhisar/Keçikalesi Bel.)-3294|2220.0|
|Niğde(Bor/Bahçeli Bel.)-3302|2490.0|
|Niğde(Bor/Bor Bel.)-3272|42161.0|
|Niğde(Bor/Çukurkuyu Bel.)-3298|2532.0|
|Niğde(Bor/Kemerhisar Bel.)-3301|5927.0|
|Niğde(Çamardı/Çamardı Bel.)-3267|3722.0|
|Niğde(Çiftlik/Azatlı Bel.)-3305|3667.0|
|Niğde(Çiftlik/Bozköy Bel.)-3306|3939.0|
|Niğde(Çiftlik/Çiftlik Bel.)-3269|4718.0|
|Niğde(Çiftlik/Divarlı Bel.)-3307|4357.0|
|Niğde(Merkez/Aktaş Bel.)-3318|2206.0|
|Niğde(Merkez/Alay Bel.)-3286|3121.0|
|Niğde(Merkez/Bağlama Bel.)-3287|2162.0|
|Niğde(Merkez/Değirmenli Bel.)-3313|1711.0|
|Niğde(Merkez/Dündarlı Bel.)-3273|2349.0|
|Niğde(Merkez/Edikli Bel.)-3274|4673.0|
|Niğde(Merkez/Gümüşler Bel.)-3276|3979.0|
|Niğde(Merkez/Hacıabdullah Bel.)-3277|2202.0|
|Niğde(Merkez/Karaatlı Bel.)-3281|3221.0|
|Niğde(Merkez/Kiledere Bel.)-3289|5548.0|
|Niğde(Merkez/Konaklı Bel.)-3290|2929.0|
|Niğde(Merkez/Niğde Bel.)-3271|170999.0|
|Niğde(Merkez/Orhanlı Bel.)-3291|2837.0|
|Niğde(Merkez/Sazlıca Bel.)-3284|4040.0|
|Niğde(Merkez/Yeşilgölcük Bel.)-3285|5530.0|
|Niğde(Merkez/Yıldıztepe Bel.)-3280|2021.0|
|Niğde(Ulukışla/Ulukışla Bel.)-3270|5929.0|
|Ordu(Akkuş/Akkuş Bel.)-3337|21177.0|
|Ordu(Altınordu/Altınordu Bel.)-52405|234628.0|
|Ordu(Aybastı/Aybastı Bel.)-3321|20334.0|
|Ordu(Çamaş/Çamaş Bel.)-3322|8935.0|
|Ordu(Çatalpınar/Çatalpınar Bel.)-3323|13260.0|
|Ordu(Çaybaşı/Çaybaşı Bel.)-3324|11959.0|
|Ordu(Fatsa/Fatsa Bel.)-3325|128359.0|
|Ordu(Gölköy/Gölköy Bel.)-3326|25809.0|
|Ordu(Gülyalı/Gülyalı Bel.)-3327|8837.0|
|Ordu(Gürgentepe/Gürgentepe Bel.)-3328|13459.0|
|Ordu(İkizce/İkizce Bel.)-3329|13389.0|
|Ordu(Kabadüz/Kabadüz Bel.)-3330|7195.0|
|Ordu(Kabataş/Kabataş Bel.)-3331|10201.0|
|Ordu(Korgan/Korgan Bel.)-3332|27250.0|
|Ordu(Kumru/Kumru Bel.)-3333|28357.0|
|Ordu(Mesudiye/Mesudiye Bel.)-3334|12944.0|
|Ordu(Perşembe/Perşembe Bel.)-3335|30558.0|
|Ordu(Ulubey/Ulubey Bel.)-3336|19289.0|
|Ordu(Ünye/Ünye Bel.)-3320|134771.0|
|Osmaniye(Bahçe/Bahçe Bel.)-4125|16232.0|
|Osmaniye(Düziçi/Atalan Bel.)-4135|1612.0|
|Osmaniye(Düziçi/Böcekli Bel.)-4134|2505.0|
|Osmaniye(Düziçi/Düziçi Bel.)-4124|57091.0|
|Osmaniye(Düziçi/Ellek Bel.)-4133|6560.0|
|Osmaniye(Düziçi/Yarbaşı Bel.)-4132|3970.0|
|Osmaniye(Hasanbeyli/Hasanbeyli Bel.)-4128|2737.0|
|Osmaniye(Kadirli/Kadirli Bel.)-4127|98358.0|
|Osmaniye(Merkez/Cevdetiye Bel.)-4138|5712.0|
|Osmaniye(Merkez/Osmaniye Bel.)-4129|246720.0|
|Osmaniye(Sumbas/Mehmetli Bel.)-4130|2228.0|
|Osmaniye(Sumbas/Sumbas Bel.)-4126|2194.0|
|Osmaniye(Toprakkale/Toprakkale Bel.)-4123|12200.0|
|Osmaniye(Toprakkale/Türkmen Bel.)-52883|8024.0|
|Rize(Ardeşen/Ardeşen Bel.)-3401|28618.0|
|Rize(Ardeşen/Tunca Bel.)-3407|4868.0|
|Rize(Çamlıhemşin/Çamlıhemşin Bel.)-3391|1878.0|
|Rize(Çayeli/Büyükköy Bel.)-3405|2206.0|
|Rize(Çayeli/Çayeli Bel.)-3399|23468.0|
|Rize(Çayeli/Madenli Bel.)-3406|3072.0|
|Rize(Derepazarı/Derepazarı Bel.)-3396|4045.0|
|Rize(Fındıklı/Fındıklı Bel.)-3398|11725.0|
|Rize(Güneysu/Güneysu Bel.)-3397|8185.0|
|Rize(Hemşin/Hemşin Bel.)-3402|1278.0|
|Rize(İkizdere/İkizdere Bel.)-3395|1790.0|
|Rize(İyidere/İyidere Bel.)-3393|5135.0|
|Rize(Kalkandere/Kalkandere Bel.)-3392|6896.0|
|Rize(Merkez/Kendirli Bel.)-3410|2654.0|
|Rize(Merkez/Muradiye Bel.)-3409|2805.0|
|Rize(Merkez/Rize Bel.)-3400|119191.0|
|Rize(Merkez/Salarha Bel.)-3411|2971.0|
|Rize(Pazar/Pazar Bel.)-3394|17723.0|
|Sakarya(Adapazarı/Adapazarı Bel.)-3442|282078.0|
|Sakarya(Akyazı/Akyazı Bel.)-3422|98098.0|
|Sakarya(Arifiye/Arifiye Bel.)-3448|52979.0|
|Sakarya(Erenler/Erenler Bel.)-3450|92463.0|
|Sakarya(Ferizli/Ferizli Bel.)-3417|35163.0|
|Sakarya(Geyve/Geyve Bel.)-3423|51751.0|
|Sakarya(Hendek/Hendek Bel.)-3418|92729.0|
|Sakarya(Karapürçek/Karapürçek Bel.)-3420|13726.0|
|Sakarya(Karasu/Karasu Bel.)-3419|74548.0|
|Sakarya(Kaynarca/Kaynarca Bel.)-3414|25256.0|
|Sakarya(Kocaali/Kocaali Bel.)-3413|25080.0|
|Sakarya(Pamukova/Pamukova Bel.)-3416|31330.0|
|Sakarya(Sapanca/Sapanca Bel.)-3421|46847.0|
|Sakarya(Serdivan/Serdivan Bel.)-3444|166321.0|
|Sakarya(Söğütlü/Söğütlü Bel.)-3415|15366.0|
|Sakarya(Taraklı/Taraklı Bel.)-3424|7000.0|
|Samsun(19 Mayıs/19 Mayıs Bel.)-3462|28318.0|
|Samsun(Alaçam/Alaçam Bel.)-3453|24686.0|
|Samsun(Asarcık/Asarcık Bel.)-3457|16128.0|
|Samsun(Atakum/Atakum Bel.)-3491|253437.0|
|Samsun(Ayvacık/Ayvacık Bel.)-3456|19556.0|
|Samsun(Bafra/Bafra Bel.)-3455|143600.0|
|Samsun(Canik/Canik Bel.)-3490|100591.0|
|Samsun(Çarşamba/Çarşamba Bel.)-3465|141850.0|
|Samsun(Havza/Havza Bel.)-3466|38493.0|
|Samsun(İlkadım/İlkadım Bel.)-3500|325775.0|
|Samsun(Kavak/Kavak Bel.)-3464|25469.0|
|Samsun(Ladik/Ladik Bel.)-3463|16309.0|
|Samsun(Salıpazarı/Salıpazarı Bel.)-3459|20046.0|
|Samsun(Tekkeköy/Tekkeköy Bel.)-3458|58889.0|
|Samsun(Terme/Terme Bel.)-3454|71720.0|
|Samsun(Vezirköprü/Vezirköprü Bel.)-3460|88564.0|
|Samsun(Yakakent/Yakakent Bel.)-3461|8945.0|
|Şanlıurfa(Akçakale/Akçakale Bel.)-3773|129262.0|
|Şanlıurfa(Birecik/Birecik Bel.)-3774|92833.0|
|Şanlıurfa(Bozova/Bozova Bel.)-3778|52578.0|
|Şanlıurfa(Ceylanpınar/Ceylanpınar Bel.)-3771|92361.0|
|Şanlıurfa(Eyyübiye/Eyyübiye Bel.)-52551|405089.0|
|Şanlıurfa(Halfeti/Halfeti Bel.)-3775|43023.0|
|Şanlıurfa(Haliliye/Haliliye Bel.)-52555|396226.0|
|Şanlıurfa(Harran/Harran Bel.)-3777|99990.0|
|Şanlıurfa(Hilvan/Hilvan Bel.)-3776|42560.0|
|Şanlıurfa(Karaköprü/Karaköprü Bel.)-3795|295746.0|
|Şanlıurfa(Siverek/Siverek Bel.)-3780|274588.0|
|Şanlıurfa(Suruç/Suruç Bel.)-3772|100137.0|
|Şanlıurfa(Viranşehir/Viranşehir Bel.)-3770|213352.0|
|Siirt(Baykan/Atabağı Bel.)-3512|3444.0|
|Siirt(Baykan/Baykan Bel.)-3508|5423.0|
|Siirt(Baykan/Veyselkarani Bel.)-3511|6594.0|
|Siirt(Eruh/Eruh Bel.)-3504|9188.0|
|Siirt(Kurtalan/Kayabağlar Bel.)-3513|5246.0|
|Siirt(Kurtalan/Kurtalan Bel.)-3506|38117.0|
|Siirt(Merkez/Gökçebağ Bel.)-3515|1846.0|
|Siirt(Merkez/Siirt Bel.)-3503|167687.0|
|Siirt(Pervari/Beğendik Bel.)-3514|1937.0|
|Siirt(Pervari/Pervari Bel.)-3505|6111.0|
|Siirt(Şirvan/Şirvan Bel.)-3507|3846.0|
|Siirt(Tillo/Tillo Bel.)-3509|2249.0|
|Sinop(Ayancık/Ayancık Bel.)-3517|13083.0|
|Sinop(Boyabat/Boyabat Bel.)-3518|29198.0|
|Sinop(Dikmen/Dikmen Bel.)-3519|1269.0|
|Sinop(Durağan/Durağan Bel.)-3520|7481.0|
|Sinop(Erfelek/Erfelek Bel.)-3521|4135.0|
|Sinop(Gerze/Gerze Bel.)-3523|21166.0|
|Sinop(Merkez/Sinop Bel.)-3516|57833.0|
|Sinop(Saraydüzü/Saraydüzü Bel.)-3524|1214.0|
|Sinop(Türkeli/Türkeli Bel.)-3522|7110.0|
|Şırnak(Beytüşşebap/Beytüşşebap Bel.)-4053|5922.0|
|Şırnak(Cizre/Cizre Bel.)-4049|146728.0|
|Şırnak(Güçlükonak/Fındık Bel.)-4063|3054.0|
|Şırnak(Güçlükonak/Güçlükonak Bel.)-4054|4932.0|
|Şırnak(İdil/İdil Bel.)-4052|31962.0|
|Şırnak(İdil/Karalar Bel.)-4061|4202.0|
|Şırnak(İdil/Sırtköy Bel.)-4062|2265.0|
|Şırnak(Merkez/Balveren Bel.)-4068|3837.0|
|Şırnak(Merkez/Kasrik Bel.)-4065|3263.0|
|Şırnak(Merkez/Kumçatı Bel.)-4066|10063.0|
|Şırnak(Merkez/Şırnak Bel.)-4050|73315.0|
|Şırnak(Silopi/Başverimli Bel.)-4058|7645.0|
|Şırnak(Silopi/Çalışkan Bel.)-4056|4939.0|
|Şırnak(Silopi/Görümlü Bel.)-4057|5094.0|
|Şırnak(Silopi/Silopi Bel.)-4055|112160.0|
|Şırnak(Uludere/Hilal Bel.)-4059|3770.0|
|Şırnak(Uludere/Şenoba Bel.)-4060|7974.0|
|Şırnak(Uludere/Uludere Bel.)-4051|11484.0|
|Şırnak(Uludere/Uzungeçit Bel.)-4067|5068.0|
|Sivas(Akıncılar/Akıncılar Bel.)-3543|2422.0|
|Sivas(Altınyayla/Altınyayla Bel.)-3542|4227.0|
|Sivas(Altınyayla/Deliilyas Bel.)-3566|2001.0|
|Sivas(Divriği/Divriği Bel.)-3541|10807.0|
|Sivas(Doğanşar/Doğanşar Bel.)-3540|1228.0|
|Sivas(Gemerek/Çepni Bel.)-3561|1629.0|
|Sivas(Gemerek/Gemerek Bel.)-3539|10262.0|
|Sivas(Gemerek/Sızır Bel.)-3558|3134.0|
|Sivas(Gölova/Gölova Bel.)-3538|1045.0|
|Sivas(Gürün/Gürün Bel.)-3537|10315.0|
|Sivas(Hafik/Hafik Bel.)-3536|3309.0|
|Sivas(İmranlı/İmranlı Bel.)-3535|2802.0|
|Sivas(Kangal/Kangal Bel.)-3528|8943.0|
|Sivas(Koyulhisar/Koyulhisar Bel.)-3534|4207.0|
|Sivas(Merkez/Sivas Bel.)-3527|367154.0|
|Sivas(Merkez/Yıldız Bel.)-3569|2542.0|
|Sivas(Şarkışla/Cemel Bel.)-3568|1253.0|
|Sivas(Şarkışla/Gürçayır Bel.)-3567|1889.0|
|Sivas(Şarkışla/Şarkışla Bel.)-3532|23985.0|
|Sivas(Suşehri/Suşehri Bel.)-3533|15699.0|
|Sivas(Ulaş/Ulaş Bel.)-3531|3013.0|
|Sivas(Yıldızeli/Güneykaya Bel.)-3554|1940.0|
|Sivas(Yıldızeli/Yıldızeli Bel.)-3530|6358.0|
|Sivas(Zara/Zara Bel.)-3529|11463.0|
|Tekirdağ(Çerkezköy/Çerkezköy Bel.)-3576|218926.0|
|Tekirdağ(Çorlu/Çorlu Bel.)-3573|300296.0|
|Tekirdağ(Ergene/Ergene Bel.)-52378|68526.0|
|Tekirdağ(Hayrabolu/Hayrabolu Bel.)-3575|30084.0|
|Tekirdağ(Kapaklı/Kapaklı Bel.)-3600|147610.0|
|Tekirdağ(Malkara/Malkara Bel.)-3579|50727.0|
|Tekirdağ(Marmaraereğlisi/Marmaraereğlisi Bel.)-3577|32104.0|
|Tekirdağ(Muratlı/Muratlı Bel.)-3578|30455.0|
|Tekirdağ(Saray/Saray Bel.)-3581|51275.0|
|Tekirdağ(Şarköy/Şarköy Bel.)-3574|34091.0|
|Tekirdağ(Süleymanpaşa/Süleymanpaşa Bel.)-52561|223068.0|
|Tokat(Almus/Akarçay Görümlü Bel.)-52374|2367.0|
|Tokat(Almus/Almus Bel.)-3609|5071.0|
|Tokat(Almus/Ataköy Bel.)-3639|3750.0|
|Tokat(Almus/Bağtaşı Bel.)-3640|2107.0|
|Tokat(Almus/Çevreli Bel.)-3642|2427.0|
|Tokat(Almus/Gölgeli Bel.)-3644|2889.0|
|Tokat(Almus/Kınık Bel.)-3646|2319.0|
|Tokat(Artova/Artova Bel.)-3610|4681.0|
|Tokat(Başçiftlik/Başçiftlik Bel.)-3617|5361.0|
|Tokat(Başçiftlik/Hatipli Bel.)-3650|2605.0|
|Tokat(Erbaa/Erbaa Bel.)-3612|73373.0|
|Tokat(Erbaa/Gökal Bel.)-3656|3856.0|
|Tokat(Erbaa/Karayaka Bel.)-3655|4103.0|
|Tokat(Erbaa/Tanoba Bel.)-3654|4594.0|
|Tokat(Merkez/Çamlıbel Bel.)-3634|4128.0|
|Tokat(Merkez/Çat Bel.)-3630|4211.0|
|Tokat(Merkez/Emirseyit Bel.)-3631|2071.0|
|Tokat(Merkez/Güryıldız Bel.)-3633|1890.0|
|Tokat(Merkez/Tokat Bel.)-3608|156352.0|
|Tokat(Niksar/Gökçeli Bel.)-3664|2315.0|
|Tokat(Niksar/Gürçeşme Bel.)-3665|3518.0|
|Tokat(Niksar/Kuyucak Bel.)-3659|2141.0|
|Tokat(Niksar/Niksar Bel.)-3613|38926.0|
|Tokat(Niksar/Serenli Bel.)-3660|3099.0|
|Tokat(Niksar/Yazıcık Bel.)-3661|2436.0|
|Tokat(Niksar/Yolkonak Bel.)-3662|3284.0|
|Tokat(Pazar/Pazar Bel.)-3614|4809.0|
|Tokat(Pazar/Üzümören Bel.)-3667|3697.0|
|Tokat(Reşadiye/Baydarlı Bel.)-3668|3508.0|
|Tokat(Reşadiye/Bereketli Bel.)-3679|4391.0|
|Tokat(Reşadiye/Bozçalı Bel.)-3680|3541.0|
|Tokat(Reşadiye/Çevrecik Bel.)-3670|2169.0|
|Tokat(Reşadiye/Cimitekke Bel.)-3671|3382.0|
|Tokat(Reşadiye/Demircili Bel.)-3672|2553.0|
|Tokat(Reşadiye/Hasanşeyh Bel.)-3673|3997.0|
|Tokat(Reşadiye/Reşadiye Bel.)-3615|9537.0|
|Tokat(Reşadiye/Yolüstü Bel.)-3678|2242.0|
|Tokat(Sulusaray/Sulusaray Bel.)-3616|4898.0|
|Tokat(Turhal/Şenyurt Bel.)-3618|1989.0|
|Tokat(Turhal/Turhal Bel.)-3611|61912.0|
|Tokat(Yeşilyurt/Kuşçu Bel.)-3624|771.0|
|Tokat(Yeşilyurt/Yeşilyurt Bel.)-3606|5112.0|
|Tokat(Zile/Zile Bel.)-3607|33730.0|
|Trabzon(Akçaabat/Akçaabat Bel.)-3688|130585.0|
|Trabzon(Araklı/Araklı Bel.)-3689|49627.0|
|Trabzon(Arsin/Arsin Bel.)-3690|31709.0|
|Trabzon(Beşikdüzü/Beşikdüzü Bel.)-3691|23367.0|
|Trabzon(Çarşıbaşı/Çarşıbaşı Bel.)-3692|15229.0|
|Trabzon(Çaykara/Çaykara Bel.)-3693|13674.0|
|Trabzon(Dernekpazarı/Dernekpazarı Bel.)-3694|3959.0|
|Trabzon(Düzköy/Düzköy Bel.)-3695|13451.0|
|Trabzon(Hayrat/Hayrat Bel.)-3696|7916.0|
|Trabzon(Köprübaşı/Köprübaşı Bel.)-3697|4527.0|
|Trabzon(Maçka/Maçka Bel.)-3698|25472.0|
|Trabzon(Of/Of Bel.)-3699|43879.0|
|Trabzon(Ortahisar/Ortahisar Bel.)-52443|330836.0|
|Trabzon(Şalpazarı/Şalpazarı Bel.)-3683|11161.0|
|Trabzon(Sürmene/Sürmene Bel.)-3684|25535.0|
|Trabzon(Tonya/Tonya Bel.)-3700|13785.0|
|Trabzon(Vakfıkebir/Vakfıkebir Bel.)-3685|27219.0|
|Trabzon(Yomra/Yomra Bel.)-3686|50339.0|
|Tunceli(Çemişgezek/Çemişgezek Bel.)-3761|3390.0|
|Tunceli(Hozat/Hozat Bel.)-3762|3179.0|
|Tunceli(Mazgirt/Akpazar Bel.)-3769|1887.0|
|Tunceli(Mazgirt/Mazgirt Bel.)-3763|1252.0|
|Tunceli(Merkez/Tunceli Bel.)-3765|37092.0|
|Tunceli(Nazımiye/Nazımiye Bel.)-3766|1405.0|
|Tunceli(Ovacık/Ovacık Bel.)-3767|3398.0|
|Tunceli(Pertek/Pertek Bel.)-3760|6374.0|
|Tunceli(Pülümür/Pülümür Bel.)-3764|1478.0|
|Uşak(Banaz/Banaz Bel.)-3798|16858.0|
|Uşak(Banaz/Kızılcasöğüt Bel.)-3814|1896.0|
|Uşak(Eşme/Eşme Bel.)-3797|15910.0|
|Uşak(Eşme/Yeleğen Bel.)-3803|2051.0|
|Uşak(Karahallı/Karahallı Bel.)-3796|5703.0|
|Uşak(Merkez/Uşak Bel.)-3801|236369.0|
|Uşak(Sivaslı/Pınarbaşı Bel.)-3806|1968.0|
|Uşak(Sivaslı/Selçikler Bel.)-3807|1764.0|
|Uşak(Sivaslı/Sivaslı Bel.)-3800|7180.0|
|Uşak(Sivaslı/Tatar Bel.)-3808|1785.0|
|Uşak(Ulubey/Ulubey Bel.)-3799|6017.0|
|Van(Bahçesaray/Bahçesaray Bel.)-3825|12173.0|
|Van(Başkale/Başkale Bel.)-3831|41159.0|
|Van(Çaldıran/Çaldıran Bel.)-3822|52614.0|
|Van(Çatak/Çatak Bel.)-3820|17389.0|
|Van(Edremit/Edremit Bel.)-3827|130768.0|
|Van(Erciş/Erciş Bel.)-3829|170209.0|
|Van(Gevaş/Gevaş Bel.)-3826|26597.0|
|Van(Gürpınar/Gürpınar Bel.)-3824|29982.0|
|Van(İpekyolu/İpekyolu Bel.)-52455|356977.0|
|Van(Muradiye/Muradiye Bel.)-3823|42986.0|
|Van(Özalp/Özalp Bel.)-3821|53966.0|
|Van(Saray/Saray Bel.)-3828|17382.0|
|Van(Tuşba/Tuşba Bel.)-52451|165885.0|
|Yalova(Altınova/Altınova Bel.)-4098|10432.0|
|Yalova(Altınova/Kaytazdere Bel.)-4108|6881.0|
|Yalova(Altınova/Subaşı Bel.)-4107|8452.0|
|Yalova(Altınova/Tavşanlı Bel.)-4106|4444.0|
|Yalova(Armutlu/Armutlu Bel.)-4097|9135.0|
|Yalova(Çiftlikköy/Çiftlikköy Bel.)-4096|48590.0|
|Yalova(Çiftlikköy/Taşköprü Bel.)-4102|4608.0|
|Yalova(Çınarcık/Çınarcık Bel.)-4095|20832.0|
|Yalova(Çınarcık/Esenköy Bel.)-4105|4084.0|
|Yalova(Çınarcık/Koru Bel.)-4103|8220.0|
|Yalova(Çınarcık/Teşvikiye Bel.)-4101|4278.0|
|Yalova(Merkez/Kadıköy Bel.)-4109|10731.0|
|Yalova(Merkez/Yalova Bel.)-4100|130979.0|
|Yalova(Termal/Termal Bel.)-4099|3821.0|
|Yozgat(Akdağmadeni/Akdağmadeni Bel.)-3841|21447.0|
|Yozgat(Akdağmadeni/Belekçahan Bel.)-3858|1704.0|
|Yozgat(Akdağmadeni/Oluközü Bel.)-3859|1305.0|
|Yozgat(Akdağmadeni/Umutlu Bel.)-3860|1971.0|
|Yozgat(Aydıncık/Aydıncık Bel.)-3842|2975.0|
|Yozgat(Aydıncık/Baydiğin Bel.)-3861|3126.0|
|Yozgat(Boğazlıyan/Boğazlıyan Bel.)-3843|19811.0|
|Yozgat(Boğazlıyan/Ovakent Bel.)-3868|2333.0|
|Yozgat(Boğazlıyan/Sırçalı Bel.)-3870|1503.0|
|Yozgat(Boğazlıyan/Uzunlu Bel.)-3871|1452.0|
|Yozgat(Boğazlıyan/Yamaçlı Bel.)-3872|2658.0|
|Yozgat(Boğazlıyan/Yenipazar Bel.)-3873|1811.0|
|Yozgat(Çandır/Çandır Bel.)-3844|3573.0|
|Yozgat(Çayıralan/Çayıralan Bel.)-3845|5182.0|
|Yozgat(Çayıralan/Konuklar Bel.)-3878|1992.0|
|Yozgat(Çekerek/Çekerek Bel.)-3853|9391.0|
|Yozgat(Çekerek/Özükavak Bel.)-3882|1986.0|
|Yozgat(Kadışehri/Halıköy Bel.)-3883|2310.0|
|Yozgat(Kadışehri/Kadışehri Bel.)-3847|5188.0|
|Yozgat(Merkez/Yozgat Bel.)-3840|92040.0|
|Yozgat(Saraykent/Dedefakılı Bel.)-3885|995.0|
|Yozgat(Saraykent/Ozan Bel.)-3886|1603.0|
|Yozgat(Saraykent/Saraykent Bel.)-3848|6168.0|
|Yozgat(Sarıkaya/Karayakup Bel.)-3888|2831.0|
|Yozgat(Sarıkaya/Sarıkaya Bel.)-3849|18720.0|
|Yozgat(Şefaatli/Şefaatli Bel.)-3851|8901.0|
|Yozgat(Sorgun/Araplı Bel.)-3891|1794.0|
|Yozgat(Sorgun/Bahadın Bel.)-3892|2256.0|
|Yozgat(Sorgun/Çiğdemli Bel.)-3894|1777.0|
|Yozgat(Sorgun/Doğankent Bel.)-3895|2211.0|
|Yozgat(Sorgun/Eymir Bel.)-3899|1984.0|
|Yozgat(Sorgun/Gülşehri Bel.)-3898|1714.0|
|Yozgat(Sorgun/Sorgun Bel.)-3850|55630.0|
|Yozgat(Sorgun/Yeniyer Bel.)-3897|1800.0|
|Yozgat(Yenifakılı/Yenifakılı Bel.)-3852|2639.0|
|Yozgat(Yerköy/Yerköy Bel.)-3846|26220.0|
|Zonguldak(Alaplı/Alaplı Bel.)-3910|20807.0|
|Zonguldak(Alaplı/Gümeli Bel.)-3914|2145.0|
|Zonguldak(Çaycuma/Çaycuma Bel.)-3905|31890.0|
|Zonguldak(Çaycuma/Filyos Bel.)-3915|4995.0|
|Zonguldak(Çaycuma/Karapınar Bel.)-3919|2789.0|
|Zonguldak(Çaycuma/Nebioğlu Bel.)-3917|2295.0|
|Zonguldak(Çaycuma/Perşembe Bel.)-3916|4564.0|
|Zonguldak(Çaycuma/Saltukova Bel.)-3918|3977.0|
|Zonguldak(Devrek/Çaydeğirmeni Bel.)-3920|7527.0|
|Zonguldak(Devrek/Devrek Bel.)-3907|26972.0|
|Zonguldak(Ereğli/Ereğli Bel.)-3908|121619.0|
|Zonguldak(Ereğli/Gülüç Bel.)-3925|8085.0|
|Zonguldak(Ereğli/Kandilli Bel.)-3923|3078.0|
|Zonguldak(Ereğli/Ormanlı Bel.)-3928|2128.0|
|Zonguldak(Gökçebey/Bakacakkadı Bel.)-3929|3685.0|
|Zonguldak(Gökçebey/Gökçebey Bel.)-3906|8813.0|
|Zonguldak(Kilimli/Çatalağzı Bel.)-3931|6266.0|
|Zonguldak(Kilimli/Gelik Bel.)-3930|2712.0|
|Zonguldak(Kilimli/Kilimli Bel.)-3932|19965.0|
|Zonguldak(Kilimli/Muslu Bel.)-3911|1619.0|
|Zonguldak(Kozlu/Kozlu Bel.)-3912|43932.0|
|Zonguldak(Merkez/Beycuma Bel.)-3934|2547.0|
|Zonguldak(Merkez/Elvanpazarcık Bel.)-3936|2792.0|
|Zonguldak(Merkez/Karaman Bel.)-3933|1943.0|
|Zonguldak(Merkez/Zonguldak Bel.)-3909|99805.0|
|||
